Marca;ene-22;feb-22;mar-22;abr-22;may-22;jun-22;jul-22;ago-22;sep-22;oct-22;nov-22;dic-22;ene-23;feb-23;mar-23;abr-23;may-23;jun-23;jul-23;ago-23;sep-23;oct-23;nov-23;dic-23;ene-24;feb-24;mar-24;abr-24;may-24;jun-24;jul-24;ago-24;sep-24;oct-24;nov-24;dic-24;ene-25;feb-25;mar-25;abr-25;may-25;jun-25;jul-25;ago-25;sep-25;oct-25;nov-25;dic-25;ene-26
TOYOTA;334;189;204;231;287;260;262;289;265;276;265;152;387;258;305;277;281;308;316;311;206;326;356;199;370;210;296;352;396;290;388;307;273;347;316;107;355;291;308;373;362;326;386;419;359;326;169;73;68
FIAT;320;150;179;154;166;204;193;181;162;140;178;46;330;213;230;146;170;170;190;186;194;193;113;56;253;145;183;200;146;117;128;201;295;258;215;62;450;328;283;304;435;544;509;314;379;393;201;118;60
VOLKSWAGEN;133;73;112;124;156;153;159;164;147;162;121;65;191;101;158;126;167;147;169;151;157;198;204;106;141;122;124;142;227;194;255;227;279;262;176;137;385;278;286;334;332;310;326;344;349;318;268;120;39
FORD;71;76;66;89;105;74;85;85;86;97;75;51;176;121;128;132;127;99;134;150;107;181;144;95;168;119;145;140;141;159;315;191;172;143;140;83;306;122;226;227;242;160;239;247;267;223;130;90;61
PEUGEOT;191;119;108;114;96;85;132;152;92;86;78;54;141;118;120;117;151;158;141;124;96;94;71;37;132;88;88;115;105;75;112;108;175;140;133;63;323;185;193;175;193;171;193;170;171;161;126;74;35
RENAULT;85;53;75;64;69;87;85;108;92;98;119;38;65;60;95;124;83;80;99;113;97;87;86;43;70;66;73;59;70;74;81;138;124;75;56;46;122;109;129;107;156;134;162;129;159;146;135;70;12
CHEVROLET;113;59;80;92;85;95;111;92;54;57;94;59;160;80;93;79;93;107;91;120;93;80;54;21;65;30;39;65;111;61;80;95;109;62;59;40;134;103;101;138;148;180;163;157;169;142;68;55;53
NISSAN;119;43;130;109;61;47;72;66;69;67;56;60;61;40;97;117;102;98;121;75;66;73;97;43;58;48;38;43;40;37;45;48;40;50;72;40;88;49;42;37;92;57;83;74;81;108;23;25;11
CITROEN;51;39;42;41;20;51;44;53;29;39;39;16;67;22;27;33;48;45;63;12;24;67;33;13;59;31;39;64;59;60;54;41;59;65;49;13;119;94;93;119;91;82;160;88;139;117;88;42;8
MERCEDES BENZ;42;52;47;49;64;41;46;42;46;53;40;8;69;42;17;24;42;57;65;52;45;60;41;19;37;45;23;36;47;60;46;54;56;60;34;23;87;55;69;76;65;68;105;83;67;93;40;43;9
JEEP;35;20;22;21;21;7;10;13;25;10;24;8;26;22;11;17;21;24;13;4;9;27;17;2;36;32;24;20;16;18;34;36;39;39;23;5;63;37;43;35;55;54;66;52;53;36;40;16;3
IVECO;24;28;17;23;25;18;23;30;24;18;22;20;31;25;23;21;30;14;33;28;37;31;28;12;14;11;12;11;20;17;34;27;24;27;20;18;33;27;23;27;30;40;33;17;13;32;26;15;1
SCANIA;4;6;5;17;7;12;8;10;6;7;3;2;2;6;7;5;5;1;9;4;2;4;6;;1;;;7;27;3;;5;3;9;14;6;10;9;10;12;19;18;22;23;18;17;9;20;4
HONDA;8;2;;3;10;2;6;6;5;5;6;4;2;1;9;5;6;3;6;1;1;5;1;1;9;;6;10;11;8;15;9;11;14;8;7;19;4;18;17;13;9;9;9;13;12;5;4;
FOTON;2;;;3;1;2;3;29;1;;;1;5;34;1;3;5;5;;4;6;2;1;;;;7;4;7;3;7;11;8;6;1;8;5;3;14;8;8;21;16;17;10;8;6;15;
RAM;6;5;4;3;3;2;1;;;;;;2;;;;;;;;;;2;1;3;4;4;5;5;6;7;10;8;13;10;2;20;13;13;12;8;17;12;10;9;16;5;2;1
HYUNDAI;3;3;1;3;3;2;;2;2;1;;;2;1;1;2;1;1;1;4;;3;2;;1;2;1;3;1;4;1;1;2;2;1;1;15;16;13;10;12;14;18;20;14;14;7;13;2
BAIC;;;1;;;2;;1;;;2;;1;;1;1;1;1;1;1;1;;1;;1;;6;8;11;4;4;2;2;7;6;6;11;8;9;9;16;10;11;10;13;17;26;3;1
MALDONADO;1;4;11;6;9;6;5;6;4;7;1;4;5;5;3;3;12;1;11;4;5;3;2;2;1;;;1;3;;2;1;1;1;2;2;5;3;10;4;4;10;7;1;6;5;3;1;2
HAVAL;2;;;2;;;1;;;;;;;;1;1;2;;1;1;;;;1;;;2;1;1;2;1;1;2;3;;1;6;5;6;5;4;4;16;16;32;26;28;13;3
AUDI;2;;1;;3;1;6;;3;1;2;2;2;2;3;2;3;1;4;5;3;4;1;1;;1;3;5;2;2;7;3;5;5;5;3;8;5;5;11;6;8;9;8;7;10;6;1;2
RANDON;3;4;2;4;7;6;4;3;6;4;3;3;8;9;5;1;3;6;1;7;2;1;4;;;;2;;;2;3;3;2;1;2;3;3;2;3;8;;5;1;6;6;11;5;9;
VOLVO;7;2;4;4;9;11;3;5;9;1;1;5;;2;5;1;2;;3;1;1;2;1;3;1;1;;3;;3;;5;3;3;3;1;8;4;2;6;4;10;10;9;4;4;2;1;1
BMW;7;1;3;3;3;2;2;1;3;;1;2;1;1;;2;4;7;4;1;;1;1;3;1;6;2;3;4;;4;2;;3;5;3;5;6;10;2;5;9;7;3;9;10;7;5;
SHINERAY;2;3;6;3;2;2;1;2;2;;1;1;3;2;1;5;1;2;1;1;4;2;1;2;1;3;;3;7;5;5;7;4;5;2;;;;;25;2;4;13;3;1;4;;2;
SALTO;1;5;5;5;3;;6;2;1;1;5;2;2;1;2;10;1;2;3;3;3;5;5;2;1;1;1;;1;2;1;2;2;;;;2;2;4;7;3;3;6;4;4;;1;17;
HELVETICA;;1;4;2;6;;5;2;1;;1;2;4;1;5;1;3;;;2;;16;1;;2;;1;;;;1;6;8;1;2;1;4;7;3;;7;3;2;3;6;;;;
LAMBERT;5;4;5;5;5;3;;6;1;1;1;1;;1;6;;4;1;2;3;1;12;1;;1;1;2;;;1;1;4;1;1;1;1;;5;2;1;6;1;2;1;2;5;1;;
SOLA Y BRUSA;1;4;;5;1;1;3;4;2;;2;1;5;;1;1;;1;5;3;2;4;3;1;1;1;2;2;3;;6;;2;6;1;2;1;5;6;4;3;;1;3;1;1;1;1;
KIA;3;1;;2;;1;1;1;2;;;1;;;1;;1;;1;1;;1;;2;1;1;1;2;2;3;;2;;5;3;2;4;4;2;8;10;2;5;7;6;3;1;4;
HERMANN;1;;5;1;5;3;5;2;2;6;1;;1;1;3;5;1;5;3;4;2;1;2;;;2;;;1;;3;2;;3;2;2;2;;;4;;;;3;;2;2;1;
CHERY;1;;3;2;3;3;1;4;;2;;;1;;1;;;1;1;;;1;;;;;1;3;5;2;;;1;2;2;;3;4;2;1;;1;;4;;9;10;9;4
CORMETAL;;1;3;6;4;;3;5;3;;;2;;2;1;2;3;;2;;;3;3;;3;6;1;;3;;1;;;3;2;;9;;3;;;;1;1;3;;;;
HINO;;;1;1;;;1;;2;;;;;;3;7;5;6;9;7;2;3;3;2;1;1;;;1;2;4;1;4;;1;1;;;;;;;2;;1;1;;;
BONANO;;2;1;2;1;3;1;3;3;;1;;;4;;;;1;1;1;;2;4;;1;2;;2;1;;2;2;2;4;1;1;2;1;1;3;1;2;1;1;1;;1;;
OMBU;;1;1;1;;;;1;3;1;;3;;2;;;1;;1;;1;1;4;2;4;2;3;2;;;1;1;1;;1;;1;1;1;;8;;1;1;1;4;;;
FERBUS KAISEN;;1;2;3;3;1;1;2;2;;1;1;1;2;;2;1;1;3;1;1;;1;1;;1;;1;;;;1;2;1;;3;;;;2;2;1;1;2;;;3;;
NIÑO JESUS DE PRAGA;2;1;;1;;;1;2;1;1;1;1;;1;;;1;3;;;3;1;;;1;6;;2;2;;;;2;1;2;3;;2;;2;;3;;1;1;;1;;
MITSUBISHI;;;1;1;;;;1;;;;;;;2;;1;;;2;1;;;;;1;;;;;;;1;2;;1;1;1;1;1;1;1;7;6;5;3;1;5;
CHANGAN;;1;2;;;3;;2;2;2;1;1;;1;3;1;1;;3;;;2;1;;1;;;;2;;1;1;;;;;1;;1;;1;;;;;;1;2;
DANES;1;1;1;;2;1;3;;3;4;;;1;;;;;1;3;2;;;;;;;;1;1;;3;;;;;1;;;;;3;;;2;;;;3;
SCANIA/MARCOPOLO;7;;9;1;;;;7;4;;;;;;;;;;;;;;;;;;;;;;1;;;;;2;1;;;;2;;;;;;;3;
BYD;;;;;;;;;;;;;;;;;;;;;;;;;;;;;;;;;;;;;;;;;;;;;;6;18;9;3
DFSK;1;1;;;2;1;2;;;;;1;;;;;;;;;;;;;;;;;;;1;1;;;;1;4;;1;2;;2;2;5;4;;3;2;
MACTRAIL;;1;2;;;1;1;2;1;;2;3;1;1;4;;;;1;;1;;;4;1;1;;1;1;1;;;1;1;1;1;;;;;;;;;1;1;;;
ZANELLA;;6;;1;;1;;3;;;;;;;;;1;;;1;;1;;;;;;1;1;;1;1;6;3;;1;1;;1;;1;1;;1;;1;;1;
ASTIVIA;;3;4;3;1;;1;;;1;1;;;;;1;1;;;1;3;;2;1;2;1;;;;;;;;3;;;;;;;2;1;;2;;;;;
KYC;1;;;1;1;4;1;1;2;2;;;;;1;;;;2;1;1;1;;2;;1;;;1;;1;1;2;;;1;2;;;;;;;;;;;;
GRASSANI;4;;6;;1;;;;4;1;;1;;3;;1;;;;;;1;;;4;;;;;;1;1;;;;;;;;;;;;;;;;;
GREAT WALL;;;1;;;;;;;;;;;1;1;1;1;1;1;1;1;;1;4;;;;;;;1;1;;1;3;;;1;;;;;;;2;1;1;;1
MINI;2;;;;;1;;;;;;;1;;;;1;;;;;1;1;1;;;;;1;1;1;1;1;;2;;1;1;;2;2;1;;;1;1;;1;
JMC;;;1;;1;;;;;;;1;1;;;;1;;;1;;;;1;;1;;;;;;;2;3;2;;1;;1;1;1;1;;;1;1;;2;
BULL TRAILER;;;;;;;;1;1;;;3;4;;;;;4;;1;1;2;;2;1;1;;;;;;;1;;;;;;;;;;;;;;;;
IDEROL;;;;;;;;;;;;;;;;;;;;;1;;;;;1;;;;;1;;;;;3;1;1;;1;;1;;1;4;;3;;1
JAC;;;;;;;;;1;;;;;;;;;;;;;;;;;;;;;;;;;;;;;3;2;2;1;3;2;3;;;;1;1
PATRONELLI;;;1;;;;;;;;;1;1;;1;1;1;1;;;;;;;;;;2;1;;;2;;;1;1;;1;;1;;;1;1;;;;;
SHACMAN;;;;;;;;;;;;;;;;;;;;;;;;;;;;;;;;;;;;;;4;2;3;1;1;1;;3;3;;;
SUZUKI;;1;;;;;;;;;;;1;;;;;;;;;;;;;;;;;;;;1;;1;;;1;;2;;4;4;;1;2;;;
AGRALE;;;1;;;1;;;;1;;;;;;;;;;1;1;1;;4;;1;;;;;2;;;1;;;;;;;1;;;;2;;;;
KAMA;;;;;;;;;;;;;;;;;;;;;;;;;;;;;;;2;;;;;;;2;2;1;1;1;;1;1;5;;1;
METALURGICA BELGRANO;1;2;;;;;1;;;;;;;;2;;;3;;;;1;1;;;;;1;;;;;1;1;;;;1;;;;;;;1;;;;
CORADIR;;;;;1;;;1;1;;;;;1;;1;1;1;;;;;;2;3;;;;;2;1;;;;;;;;;;;;;;;;;;
PINCEN;;;;;;2;;2;;;;;;;;;2;;;;;;;;1;;;;;;1;;;;;;6;;;;;;1;;;;;;
DONGFENG;;;;;;;;;;;;;;;;;;;;;;;;;;;;;;;;;;;;;;;;;;;;;;2;2;8;
INDECAR;1;;;;;;;;2;;;;;2;;;;1;;;;;;;1;;;;;;;;;1;;;1;;2;;;;;1;;;;;
AST-PRA;;;1;;;;;;;;;;3;;1;;;;;;;;;;1;1;;1;;;;;;;;;;;1;;;;;;;2;;;
DPA INOX METALURGICA;;;1;1;;1;;;;;;1;;1;;1;;;2;;1;;;;;;;;1;1;;;;;;;;;;;;;;;;;;;
METAGRO;;;1;;;1;;;;;;;;;;1;;;;;;;1;;;;;;;;;;;1;;1;;;;;;1;1;;1;1;1;;
H.C.MANCINI;;;;;;;;;;1;;;1;;;1;;1;;2;;;;1;;;;;;;;;;;;;1;;1;;;;;;;;1;;
MIC;;1;;;;;4;;1;;;;;;;4;;;;;;;;;;;;;;;;;;;;;;;;;;;;;;;;;
RUBIOLO;;;1;;;2;;1;1;;;;;;;;;;;;;;;;3;;1;;;;;;;;;;;;;;;;;1;;;;;
SIN MARCA;;;;;;;;;;;;;;;;;;;;;;;;;;;;;;1;;;1;;;;;;2;1;2;1;1;;1;;;;
SUBARU;;1;;;;;;;1;;;;;;;;;;;;;;;;;;;;;;;;1;;;;;;;;;;1;1;3;;1;1;
YUTONG;;;;;;;;;;;;;;;;;;;;;;;;;;;;;;;;;;;;;;;;;;;;;;10;;;
CARROCERIAS APEZ;;;;;;;;;;;;;;;;;;;;;;;;2;;;;1;;;;;;3;;;;1;;;;;1;;;;;;
DM TRAILERS;;;;;;;;;;2;;;;;;;;;;;;;1;;;1;;;;;;;;1;;;1;1;;;;;;;;;;;
F.H.;;;1;;;;;;;;1;1;;;;;;;;;;;;;1;1;;;;;;;;1;;;;;;;;;;;;1;;;
IDERO;;;;;;;;;;;;;;;;;;;;;;;;;;;;;;;;;;;;;;;;3;;;;;;3;1;;
JETOUR;;1;1;;;;;1;1;;;;1;;;;;;;;;;;;;;;;;;;;;;;;;;;;1;;1;;;;;;
MONTESUR;;1;;;;1;;;;;;1;;;;;1;;;;;;1;;1;;;;;;;;;;;;;;;;;;;;;1;;;
S STOESSEL;;;;;;;;;;;;;;;;1;;;;;2;;;;;;;;;;;;;;;;;;;;;;;;1;3;;;
SANY;;;;;;;;;;;1;;1;1;;;1;;;1;;;;;;;;;;;;;1;;;;;;1;;;;;;;;;;
SAYI;;;;;;;;;;;;;;;;;;;;;;;1;;;;;;;;;;;;;;;2;;;;;;;4;;;;
COMAR;;;;;;;;;;;;;1;;1;;1;;;;;;;;;;;;;;;1;;;1;;;;;1;;;;;;;;;
MARCELINI;;;;;;;;;;;;;;;;;;;;1;;;;;1;;;1;;;;;;;;;2;;;1;;;;;;;;;
MONTENEGRO;;;;;;;;;;;;;;;1;;;1;;1;;;;;;;;;;;;1;;;;;;1;1;;;;;;;;;;
DS;;;;;;1;;;;1;;;;;;;;;;;;;;;;;;;;;;;;;1;;;;1;;1;;;;;;;;
FUR-TAN;1;2;;;;;;;;1;;;;;;;1;;;;;;;;;;;;;;;;;;;;;;;;;;;;;;;;
GROSS;;;;;;;;;;;;;;;;;;;;;;1;1;;1;1;1;;;;;;;;;;;;;;;;;;;;;;
METAL LINIERS;;;;;;;;;;;;;;;;;;;;;1;;;;;1;;;1;;;;;;;;;;;;;;;;1;1;;;
NAVARRO HNOS;;;;;;;;;;;;;;;;;;;;;;2;3;;;;;;;;;;;;;;;;;;;;;;;;;;
ISUZU;;;;;;;;;;1;;;;;;;;;1;;;;;;;;;;1;1;;;;;;;;;;;;;;;;;;;
PORSCHE;;;;1;;;1;;;;;;;1;;;;;;;;;;;;;;;;;;;;;;;;;;;;;;;;1;;;
DFM;;;;;;;;;;;;;;;;;;;;;;;;1;;;;;;1;1;;;;;;;;;;;;;;;;;;
EMIKEL;;;;;;;1;;1;;;;;;;;;;;;1;;;;;;;;;;;;;;;;;;;;;;;;;;;;
FAW;;;;;;;1;;;;;;;;;;;;;;;;;1;;;;;;;;;;;;;;;;;;;;;1;;;;
HEIL;;;;;;;1;;;;;;;;;1;;;;;;;;;;;;;;;;;;;;;1;;;;;;;;;;;;
LEO-COR;;;;;;;;;;;;;;;;1;;;;;;;;;1;;1;;;;;;;;;;;;;;;;;;;;;;
LEXUS;;;;;;;;;;;;;;;;;;;;1;;;;;;;;;;;;;;;;;;;;;;;1;;;1;;;
VULCANO;;;;;;;;;;;;;1;;;;;;;;;;1;;;;;;;;;;;;;;;;;;;;1;;;;;;
ALFA ROMEO;;;;;1;;;;;;;;;;;;;;;;;1;;;;;;;;;;;;;;;;;;;;;;;;;;;
BERTOTTO, BOGLIONE Y CIA. S.R.;;;;;;;;;;;;;;;;;;;;;;;;;;;;;1;;;;1;;;;;;;;;;;;;;;;
DIMATAN;;;;;;;;;;;;;;;;;;;;;;;;;;;;;2;;;;;;;;;;;;;;;;;;;;
EL FIERRO;;;;;1;;;;;;;;;;;;;;;;;;;;;;1;;;;;;;;;;;;;;;;;;;;;;
GUERRA;;;;;;;;;;;;;;;;;;;;;;;;;;;;;;;;;;;;;;;;;;;;;;;1;1;
HIZA TRAILERS;;;;;;;;;;;;;;;;;;;;;;;;;;;;;;;;;;;;;;;;;1;;;;;;;1;
ITATI;;1;1;;;;;;;;;;;;;;;;;;;;;;;;;;;;;;;;;;;;;;;;;;;;;;
LAND ROVER;;;;;;;;;;;;;;;;;;;;;;;1;;;;;;;;;;;;;;;;;;;1;;;;;;;
MERCEDES BENZ/MARCOPOLO;;;;1;;;1;;;;;;;;;;;;;;;;;;;;;;;;;;;;;;;;;;;;;;;;;;
RAMI;;;;;;;;;;;;;;;;;;;;;;;;;;;;;;;;;;;;;2;;;;;;;;;;;;
SATURNI;;;;;;;;;;;;;2;;;;;;;;;;;;;;;;;;;;;;;;;;;;;;;;;;;;
TAURUS;;;;;;;;;;;;;;;;;;;;;;;;;;;;;;;;;;;;;;;;;;;;;1;;;1;
GOLONDRINA;;;;;;;;;;;;;;;;1;;;;;;;;;;;;;;;;;;;;;;;;;;;;;;;;;
INDU METAL TRAILERS;;;;;;;;;;;;;;;;;;;;;;;;1;;;;;;;;;;;;;;;;;;;;;;;;;
INDUMIX;;;;;;;;;;;;;;;;;;;;;;;;;;;;;;;;;;;;;;;;;;;1;;;;;;
LOMAS CAMPING;;;;;;;;;;;;;;;;;;;;;;;;;;;;;;;;;;;;;;;;;;;;;;1;;;
M Y M TRAILERS;;;;;;;;;;;;;;;;;;;;;;;;;;;;;;;;;;;1;;;;;;;;;;;;;;
MACHILE;;;;;;;;;;;;;;;;;1;;;;;;;;;;;;;;;;;;;;;;;;;;;;;;;;
MB TRAILERS;;;;;;;;;;;;;;;;;;;;;;;;;;;;;;;;;;;;;;;;;;;;;1;;;;
PETINARI;;;;;;;;;;;;;;1;;;;;;;;;;;;;;;;;;;;;;;;;;;;;;;;;;;
SORAZABAL;;;;;;;;;;;;;;;;;;;;;;;;;;;;;;;;;;;;;;1;;;;;;;;;;;
TAHNOS;;;;;;;;;;;;;;1;;;;;;;;;;;;;;;;;;;;;;;;;;;;;;;;;;;
TRAIMAX;;;;;;;;;;;;;;;;;;;;;;;;;;;;;;;;;;;1;;;;;;;;;;;;;;
XCMG;;;;;;;;;;;;;;;;;1;;;;;;;;;;;;;;;;;;;;;;;;;;;;;;;;
ZOOMLION;;;;;;;;;;;;;;;;;;;;1;;;;;;;;;;;;;;;;;;;;;;;;;;;;;
