Marca;ene-15;feb-15;mar-15;abr-15;may-15;jun-15;jul-15;ago-15;sep-15;oct-15;nov-15;dic-15;ene-16;feb-16;mar-16;abr-16;may-16;jun-16;jul-16;ago-16;sep-16;oct-16;nov-16;dic-16;ene-17;feb-17;mar-17;abr-17;may-17;jun-17;jul-17;ago-17;sep-17;oct-17;nov-17;dic-17;ene-18;feb-18;mar-18;abr-18;may-18;jun-18;jul-18;ago-18;sep-18;oct-18;nov-18;dic-18;ene-19;feb-19;mar-19;abr-19;may-19;jun-19;jul-19;ago-19;sep-19;oct-19;nov-19;dic-19;ene-20;feb-20;mar-20;abr-20;may-20;jun-20;jul-20;ago-20;sep-20;oct-20;nov-20;dic-20;ene-21;feb-21;mar-21;abr-21;may-21;jun-21;jul-21;ago-21;sep-21;oct-21;nov-21;dic-21;ene-22;feb-22;mar-22;abr-22;may-22;jun-22;jul-22;ago-22;sep-22;oct-22;nov-22;dic-22;ene-23;feb-23;mar-23;abr-23;may-23;jun-23;jul-23;ago-23;sep-23;oct-23;nov-23;dic-23;ene-24;feb-24;mar-24;abr-24;may-24;jun-24;jul-24;ago-24;sep-24;oct-24;nov-24;dic-24;ene-25;feb-25;mar-25;abr-25;may-25;jun-25;jul-25;ago-25;sep-25;oct-25;nov-25
VOLKSWAGEN;12119;8264;9351;10417;8852;10133;10419;10600;12438;11472;8953;4716;8559;8384;10141;10347;9513;7582;9421;10856;10619;8776;8108;6067;14688;10457;13387;11413;12407;11858;11622;13619;13060;12711;11753;7544;17401;11263;12041;11781;12491;9791;10055;9834;7495;6929;5625;4496;9546;6009;6190;5546;5114;4970;6754;6662;5977;5140;4313;3426;7685;4133;2581;683;3207;6513;5493;5643;6190;6526;5526;2959;6818;5054;6558;6387;4147;6444;4646;4409;4035;3350;3014;1783;3718;2675;3144;3900;4672;4916;5202;5047;4361;4306;3944;2335;6183;3343;4438;3734;4602;4669;5455;4547;4909;6147;5890;3198;4699;3759;3606;4249;5226;5112;7196;7209;7993;7622;5918;3351;11855;7679;8234;9171;8928;8206;9152;8784;8125;7428;763
TOYOTA;6010;3909;5139;5560;4526;5389;6573;6140;7143;6357;5147;3459;7178;5189;6191;7201;6981;6735;6844;7244;7168;6177;5656;3408;10750;6221;7861;6116;7824;8050;8110;8500;7937;7752;7456;4406;13144;7309;8852;8192;9726;7334;7225;6919;7037;7842;5463;2823;8621;4965;4276;4714;5243;5390;7798;7140;5487;4637;3758;3057;5485;3507;3036;498;2262;3723;3120;3896;4586;4887;5038;3592;9580;5738;6611;5913;4668;7087;6249;5875;6357;5378;6091;4008;7696;5242;6867;6099;7467;7557;8453;8084;6734;7366;8438;5377;10341;5964;8684;7475;8087;8824;9488;9030;5564;7991;7980;4165;4435;4755;6141;7648;8349;6544;9611;8563;7976;8919;7283;4550;10473;6823;8018;9760;9410;8246;10080;9726;8987;7717;1230
RENAULT;5705;4253;5036;5276;4628;7218;9086;7943;8641;7844;7196;4827;3940;5365;6295;7856;8378;8262;9288;11635;10590;9948;9673;7987;11535;7608;10142;8719;9228;10770;12244;12348;9408;8453;8619;5955;17859;10087;11543;11360;11624;8111;9224;9849;7274;6964;5859;4547;7862;6378;6417;5766;5273;5225;6478;5378;4576;4128;3311;2626;6025;3785;1680;580;3075;4743;4206;3272;4159;4648;4574;2098;5544;2708;2991;3012;1946;4028;3115;3017;2641;1942;2631;1782;3934;2804;3489;3122;3299;3804;4039;4398;4642;4345;4433;2381;4195;2863;4630;4142;4631;4673;5014;4941;4319;5017;4572;2773;3647;2319;2275;2334;2773;2829;3467;3397;3424;3607;3060;2481;6262;4462;5003;5163;5444;5268;6349;4929;5373;4807;315
FIAT;8023;4445;5904;5234;5525;6736;6620;5748;7361;6465;5420;2686;7326;4697;6725;6031;6383;5618;6565;7250;7073;6643;6111;3534;9239;5014;7968;6932;8975;8257;8531;8459;8509;8592;8285;5597;11792;7369;9543;8226;8780;7862;7330;6206;5050;4413;3803;2347;5594;3846;3454;3604;3437;2919;4789;4127;3202;3224;2419;1793;5049;3040;1666;489;2173;3919;3455;3224;4228;4261;4090;2094;7120;4122;4489;4114;2588;4872;4710;4810;4488;3970;3384;1712;8204;5067;5043;4413;4833;5005;5194;4743;4412;3821;3355;1591;7868;4629;5459;4166;4994;4376;4918;4592;5033;4898;3395;1224;5220;3321;3296;3993;3526;3219;3900;4392;5174;5657;4012;1619;9384;6231;6167;6257;7468;7276;8352;6005;6216;5534;435
FORD;9106;6416;7669;7806;7745;8445;8446;8649;10000;8459;6426;4439;8377;5667;6703;7991;9133;8050;9058;9658;9764;8707;7458;5025;13014;6616;10143;8929;9971;9800;10713;10464;9904;10221;8507;6230;15508;7602;10955;10139;10023;7151;8522;7854;5718;5456;4406;3027;7816;4105;4684;4083;3952;4503;5693;5072;3095;3639;2644;2092;4894;2559;1393;413;2046;3403;2744;2841;3548;3345;3179;2068;4745;2262;3478;2227;1252;2312;2132;1911;2941;2286;2506;1307;2522;2102;2702;2370;2657;1913;2088;2437;2651;2356;2383;1564;4566;2642;3243;2823;2812;2516;3476;3415;3390;3887;3162;1616;3213;2250;1961;2582;2674;2992;4278;3608;3653;3460;3129;1823;5474;2413;3903;4378;4436;3408;4902;4621;5333;5086;437
CHEVROLET;9831;5177;5856;7245;6366;7904;7574;8495;8512;7016;7003;5265;8715;8331;9087;8076;6905;6376;9141;10119;9760;8121;8821;6240;11124;7918;10726;8848;10539;11151;9778;11951;11652;11427;10703;7111;16280;8838;12118;9073;9802;8604;8559;7801;6794;5113;4846;3423;5811;4046;4327;4067;4113;3841;6276;5104;4616;3408;2625;2780;4115;3237;2553;435;1890;4144;3009;3388;3147;3870;3547;1954;3905;2651;3514;2913;1856;2050;1902;2361;1696;1370;1629;1455;2825;1814;2460;2558;3060;3113;3013;2380;2010;2089;2382;1494;4142;2174;2655;2310;2850;2512;3066;3292;2146;2435;2075;961;2293;1278;1055;2166;2655;1799;2388;2275;2050;2076;2022;1543;3756;2928;3202;4175;4107;4424;5310;4295;4710;4245;543
PEUGEOT;7522;4589;3934;3743;3487;4274;4075;3095;4741;4852;4329;2190;5955;4138;4379;5804;5817;4542;5177;6486;6033;6116;5058;2713;9823;5401;5845;4310;6001;6170;6893;7187;6365;5748;5526;3122;9865;5702;6830;5931;6307;4999;4941;5315;4192;3266;2266;1591;3842;2886;2386;2287;2294;2288;2815;2722;2680;1987;1674;1270;2490;1860;843;287;1582;2503;1985;1972;2147;2315;2411;1582;3684;2381;2258;1856;1347;2780;2418;2071;2193;2445;2529;1226;5351;2711;3177;2821;2503;2254;3788;3907;2977;2417;2543;1212;4466;3388;4203;3910;4393;4810;4607;3199;2542;3217;2047;1112;3840;2238;2277;2897;2830;2343;3570;3564;4709;3830;3512;1498;8267;4427;3407;4241;4266;4335;4780;3833;4002;4139;440
CITROEN;2271;1538;1542;1727;2108;2142;1905;1607;1848;1975;1994;1014;2078;1737;2040;2369;2246;1714;1832;2368;2530;2155;2401;1428;3629;2191;2282;1952;2608;2391;2932;3500;3198;3255;2670;1425;4171;2232;2670;2566;3010;2439;2464;2453;1693;1727;1333;880;2076;1279;1301;1193;1186;1095;1476;1455;1205;1005;855;652;1345;813;461;134;861;1183;902;940;1253;1397;1381;847;1593;667;909;820;734;1417;1131;1016;1152;1270;1110;617;2058;1282;1323;1020;858;1367;1342;1478;960;861;848;441;1668;852;860;769;1441;1216;1516;499;661;1479;890;400;1309;819;819;1295;1250;1190;1626;1262;1425;1619;1230;496;3113;2117;2207;2327;2140;2031;2492;1569;2091;2016;99
NISSAN;812;507;555;585;539;639;636;617;718;710;685;437;667;726;776;766;647;649;884;1040;917;780;747;423;1362;1112;1467;991;1233;1139;1233;1765;1783;1817;1560;914;2351;1598;2032;2180;2364;1712;2011;2126;1735;1554;1235;1130;1973;1309;1435;1343;1146;1571;1819;1537;1460;1174;968;796;1663;1014;661;111;781;1559;1076;1166;986;1339;1182;958;1581;1167;1217;1234;1063;1740;1663;1133;1308;1298;1278;1101;1854;1132;1468;1136;1177;1160;1247;1304;1440;1357;1172;790;1641;945;1701;1562;1666;1738;2056;1616;1626;2238;1803;890;1075;873;928;1426;1075;1025;1164;1219;1210;1115;938;789;1424;1047;1054;1043;1353;1546;1611;1788;1709;1416;97
MERCEDES BENZ;1541;870;903;1050;1048;1206;1322;1083;1105;1100;987;564;1488;697;573;823;1004;1126;1185;1162;1344;1095;1107;691;2323;1254;1611;1223;1535;1607;1601;1571;1432;1410;1349;915;2335;1217;1442;1270;1445;972;937;1048;1021;887;972;1002;875;711;673;766;813;601;834;916;695;757;636;462;1178;549;402;112;585;950;653;642;663;706;605;347;1152;651;910;777;639;1202;1064;1104;1172;996;851;575;1111;891;1024;1060;1155;988;988;946;999;906;928;380;1250;778;836;752;1132;1152;1266;1393;1002;1117;1109;597;1069;657;568;862;918;857;1354;1412;1298;1279;963;770;1709;1151;1079;1207;1269;1116;1481;1567;1527;1510;190
JEEP;25;44;35;36;40;16;26;19;26;19;20;14;17;62;60;408;352;265;282;379;419;344;306;201;633;382;749;351;785;805;650;998;925;842;1024;630;1731;1009;1353;1300;1770;1194;1302;1201;1222;989;738;551;1235;935;763;903;891;864;1224;1129;811;896;770;481;1379;769;559;129;697;1245;728;699;1191;1186;795;442;1122;837;1064;898;759;1295;1100;1095;988;1046;748;338;1373;904;1095;717;886;585;692;778;944;422;1062;482;1260;753;632;889;900;1192;745;225;298;1170;644;257;1335;1086;933;1057;834;862;1205;1289;1329;1587;981;429;2507;1261;1867;1967;2120;2122;2485;1846;2210;1823;164
HONDA;311;525;516;568;422;311;625;845;590;383;302;192;665;914;992;786;581;695;950;1166;1088;994;780;439;2073;1219;1730;1438;1689;1845;1934;1871;1459;1295;1044;487;1570;914;1039;814;820;579;685;929;882;693;619;414;1607;1036;836;751;586;729;1063;623;349;545;292;252;1005;508;396;46;326;550;619;486;396;391;324;190;338;219;107;104;94;147;190;162;158;119;114;59;139;108;63;96;92;82;112;103;92;87;88;58;123;114;132;101;77;79;87;58;56;90;74;76;104;58;126;233;196;177;302;260;296;289;195;132;438;314;358;429;357;223;326;265;229;291;46
IVECO;457;461;441;558;549;716;623;472;634;678;627;607;670;394;352;310;363;340;365;473;473;593;534;394;551;476;500;422;641;618;605;652;690;745;736;559;755;479;479;540;660;576;455;452;330;443;407;344;406;278;301;347;402;333;336;333;261;251;188;226;244;200;137;64;192;405;397;351;326;320;329;306;368;291;545;419;350;608;523;593;492;534;545;345;416;376;451;511;553;555;657;637;615;533;566;357;704;440;468;508;643;541;497;673;538;563;595;269;341;271;295;326;443;371;593;505;452;562;489;381;665;416;441;593;654;473;510;511;382;411;34
CHERY;635;449;486;476;304;437;548;429;340;319;251;198;293;287;267;306;336;283;319;369;383;314;345;277;560;340;581;442;474;488;587;723;580;593;528;354;955;558;581;639;660;560;664;556;279;205;258;254;361;225;186;113;185;169;210;190;100;113;63;96;131;131;99;17;65;139;166;147;119;121;104;93;135;66;101;62;49;55;68;103;152;95;108;80;135;120;104;72;76;71;57;59;48;28;36;29;63;44;40;32;42;19;21;47;37;32;42;22;30;32;31;44;48;46;47;54;68;48;64;46;113;52;46;57;66;49;67;64;44;97;21
AUDI;142;134;179;185;148;152;131;111;216;167;104;54;150;142;141;137;149;190;212;259;327;264;221;248;395;229;246;205;301;251;326;310;344;388;282;158;547;423;496;371;397;247;238;175;137;154;175;225;120;145;157;146;171;168;202;136;87;102;98;163;204;152;117;10;107;305;131;124;151;203;167;90;123;117;97;69;33;38;96;59;41;26;16;17;29;14;18;36;39;37;55;93;60;40;33;46;74;78;69;73;128;111;144;132;95;98;103;44;53;49;127;110;118;100;112;127;162;177;142;71;294;182;203;225;219;202;289;232;246;221;35
HYUNDAI;211;163;190;159;202;176;184;226;174;90;73;34;75;36;35;79;89;223;215;196;270;234;267;119;399;230;293;312;397;336;298;310;294;302;248;164;471;308;348;289;271;168;313;269;113;49;88;63;159;126;91;70;95;95;107;79;57;53;25;26;75;64;46;12;56;83;45;45;42;86;86;46;124;44;55;45;53;68;123;87;87;64;55;23;85;72;69;79;82;78;27;44;33;41;22;11;37;16;45;59;33;47;51;69;45;34;33;22;50;40;69;51;93;33;34;55;70;108;88;107;381;384;375;369;408;512;615;564;581;531;69
SCANIA;237;92;141;167;148;229;217;120;135;90;106;79;126;58;113;112;110;107;112;148;166;134;167;135;255;125;166;172;194;279;174;215;166;228;200;114;242;172;142;161;209;201;174;115;68;117;107;61;140;89;81;58;112;105;110;89;91;100;92;87;136;49;77;35;83;95;113;146;157;157;127;98;159;100;122;118;106;183;141;150;172;130;131;74;167;142;123;138;124;142;173;182;168;146;122;78;160;129;123;122;119;109;118;142;85;104;91;29;72;33;42;57;89;60;83;99;129;185;111;100;240;225;218;297;292;262;312;360;345;340;31
BMW;38;21;25;46;37;37;40;40;54;40;32;26;46;47;71;107;182;273;294;263;341;308;238;97;406;276;331;231;419;319;321;320;289;339;286;199;402;213;258;242;281;224;223;208;213;172;130;80;206;142;138;117;185;88;165;151;111;154;77;167;267;120;94;13;103;115;163;87;76;28;39;20;96;56;51;50;74;63;98;87;75;90;78;47;119;90;72;66;75;70;70;49;48;37;61;58;36;26;41;41;68;130;183;29;51;91;128;87;46;89;63;96;87;115;127;102;75;99;168;110;160;130;165;141;191;215;249;276;287;237;46
KIA;201;135;175;216;180;243;251;176;159;131;137;42;87;76;115;171;203;209;233;241;263;234;211;100;318;167;293;246;281;252;262;254;231;230;240;163;381;230;319;385;259;172;175;241;146;168;209;138;304;211;162;120;127;90;197;124;83;71;55;47;142;64;44;8;53;86;78;56;77;72;43;31;75;56;56;51;34;59;49;71;53;57;65;29;100;62;76;69;35;55;41;45;45;8;14;23;62;45;53;41;45;35;43;46;32;31;42;22;43;41;52;54;56;41;41;49;63;107;87;76;149;81;107;370;369;286;326;376;349;248;50
RAM;78;159;184;120;105;199;121;139;122;42;85;58;90;81;68;71;83;89;95;106;113;92;80;53;173;107;96;71;72;64;83;80;52;59;70;75;134;87;109;85;103;72;54;68;37;51;29;30;64;78;75;92;77;61;83;80;50;63;47;49;186;169;113;19;133;225;78;38;111;155;77;52;88;70;106;85;60;178;143;149;96;88;77;44;184;102;90;77;83;70;38;12;10;11;9;10;64;20;21;15;13;12;12;7;8;22;45;19;172;223;238;352;342;271;413;375;452;399;366;139;773;430;458;486;506;466;468;446;424;420;32
HERMANN;78;75;86;106;87;98;116;75;96;103;98;47;68;98;107;113;87;98;131;99;103;116;100;58;78;94;151;128;144;108;113;140;124;141;110;58;90;126;140;127;106;84;68;93;84;68;66;55;60;80;88;89;92;73;118;82;62;90;59;53;78;94;60;37;88;105;98;105;111;141;118;54;84;112;153;118;96;150;107;131;159;92;127;104;90;113;173;129;117;141;127;122;162;132;132;68;104;115;113;133;157;119;113;131;109;83;132;44;65;83;113;174;95;112;131;120;107;93;96;70;75;97;138;117;122;104;121;116;133;121;22
VOLVO;49;31;44;32;23;28;30;60;85;77;68;32;68;33;36;59;97;107;77;104;149;158;128;76;184;117;166;122;198;249;202;189;169;199;172;154;236;117;139;162;200;98;161;218;152;122;89;96;136;121;91;103;118;115;157;114;93;91;90;87;122;39;28;20;81;107;125;126;88;127;131;42;126;64;91;111;72;101;62;78;76;71;94;55;128;72;96;76;79;101;92;80;79;39;38;23;79;63;36;31;36;31;38;69;59;67;42;29;47;35;27;46;44;41;55;76;79;94;69;71;162;51;101;104;138;127;176;202;129;146;53
SOLA Y BRUSA;34;34;49;50;61;67;58;59;68;74;69;51;41;41;59;84;66;56;37;65;55;61;97;57;68;59;98;80;97;81;84;90;90;97;70;44;66;77;91;98;88;55;75;84;38;61;48;20;48;47;51;61;79;67;73;69;77;93;67;32;74;73;52;43;84;104;98;98;96;105;70;61;66;60;128;95;76;132;114;110;103;88;89;52;74;98;129;93;99;98;129;115;101;82;93;59;107;63;152;101;88;97;96;92;83;77;73;37;52;49;59;90;72;36;69;60;84;69;75;56;93;88;90;100;102;82;109;96;102;124;18
OMBU;39;66;92;53;48;70;66;64;88;72;65;39;51;54;81;65;67;77;58;78;77;90;85;46;66;90;108;86;81;63;58;78;69;80;94;50;70;104;80;78;99;89;59;57;35;40;51;25;49;61;55;70;58;48;59;67;79;81;45;26;46;60;59;47;92;65;88;104;97;64;81;37;81;81;94;65;57;89;74;77;64;66;63;59;61;87;74;70;57;81;79;72;66;63;47;32;40;44;69;51;61;34;39;54;51;25;37;29;24;47;48;65;38;37;87;101;86;73;80;44;64;95;62;95;96;65;71;91;75;108;19
AGRALE;90;39;51;62;42;71;83;73;122;83;56;16;204;107;91;86;90;34;94;120;72;49;56;56;89;64;62;44;74;68;22;79;69;54;75;29;168;51;104;74;81;66;61;70;58;42;17;14;65;45;33;34;44;36;39;42;58;42;32;15;107;38;27;2;8;10;5;24;34;8;14;35;90;68;54;74;62;89;40;91;34;96;19;10;113;72;97;49;67;97;86;97;59;69;30;23;88;57;44;64;94;80;64;70;57;68;29;17;45;22;30;27;26;30;63;58;66;84;51;26;67;49;44;43;28;25;68;62;74;74;16
RANDON;69;52;73;68;52;66;78;60;50;73;51;23;61;51;48;57;53;48;45;61;47;59;44;40;82;65;65;55;70;78;84;49;55;75;51;36;81;42;75;60;69;60;38;54;40;37;28;29;33;51;58;34;43;24;24;36;15;28;19;13;37;21;18;8;20;21;36;41;33;44;30;18;58;54;56;55;39;63;60;57;53;51;46;57;57;47;83;65;65;53;73;66;70;86;62;36;78;77;65;64;57;48;50;78;27;44;33;18;15;11;26;15;31;37;43;54;38;48;44;43;75;60;56;58;47;103;64;70;76;74;24
DS;;;;;;;;;;;;;;;;;;;13;32;36;54;69;30;129;84;99;91;95;47;57;100;80;96;59;37;137;82;53;60;81;50;44;49;53;128;75;65;101;65;52;24;37;20;28;44;37;60;48;43;50;39;24;1;13;49;51;35;53;63;40;22;87;58;59;52;42;53;59;80;76;56;84;29;106;54;43;93;77;45;53;33;55;42;45;40;103;48;50;40;43;38;47;59;31;85;65;17;51;25;47;47;40;46;80;59;58;39;23;13;81;46;69;93;70;54;59;45;54;35;1
BAIC;;;;;;;;;;;;;;;;;;;;;;;;;;;;;;;;;;;;;41;36;55;18;74;50;62;44;24;32;23;10;46;31;11;13;16;19;21;29;11;20;9;21;18;16;13;1;8;19;21;23;31;18;13;15;17;14;17;13;12;11;16;19;24;24;14;4;10;8;22;18;21;8;7;5;13;11;9;6;21;17;16;18;22;18;17;42;31;13;8;4;9;16;39;56;81;34;59;46;85;136;107;108;163;132;223;346;284;171;257;391;525;991;94
SALTO;55;23;56;36;72;76;57;52;57;45;33;17;64;33;26;27;38;30;46;50;35;37;49;26;57;34;53;41;62;61;72;96;62;45;40;28;51;68;47;46;59;70;48;30;41;29;33;49;18;30;34;21;34;30;36;41;42;24;22;20;37;13;23;10;25;61;29;53;50;28;35;14;39;28;41;40;37;49;51;42;45;38;40;53;36;66;43;52;52;57;29;43;47;28;48;22;32;28;41;41;56;18;65;39;24;33;44;13;16;15;15;15;42;16;51;91;65;29;34;37;21;40;55;63;60;38;61;34;37;21;3
BONANO;38;43;36;27;35;46;42;40;43;47;41;18;51;42;44;45;30;33;28;28;33;40;48;24;32;67;37;29;48;22;50;37;43;51;40;68;73;33;53;26;21;12;30;14;17;37;34;26;39;17;29;29;31;20;24;33;34;30;17;15;19;21;24;6;24;41;46;55;52;51;54;27;47;47;55;47;43;86;52;55;62;47;50;23;31;51;69;61;61;63;61;65;60;61;51;30;65;59;78;25;65;57;35;66;45;36;34;25;10;33;25;32;35;29;51;34;43;34;37;10;31;77;31;39;54;45;38;66;44;44;12
LIFAN;;;;1;;;1;;;;;1;;1;11;19;23;15;19;52;45;62;98;60;106;80;109;118;102;119;141;186;207;269;248;156;324;182;210;199;179;117;133;131;74;42;59;29;49;61;65;51;51;34;50;63;46;34;22;24;26;11;38;;16;38;30;31;25;19;14;19;9;12;7;5;3;5;13;5;4;2;1;1;;;1;;;;;;;;;;;;;;;;;;;;;;;1;;;;;;;;;;;;;;;;;;;;;
LAMBERT;28;18;26;28;23;32;35;31;33;39;29;19;30;33;51;43;30;32;19;41;36;35;27;20;39;49;53;32;38;48;38;46;38;49;36;32;45;34;28;48;42;35;44;42;23;23;28;16;33;19;20;17;16;18;16;20;15;23;17;9;22;16;19;7;24;30;41;40;48;41;36;14;21;37;55;52;30;42;33;36;45;38;44;22;36;29;57;31;35;48;35;52;47;42;37;46;27;27;39;29;50;40;30;37;23;45;46;33;24;37;27;32;33;21;45;48;45;54;39;29;32;42;57;59;65;35;68;58;69;43;14
CORMETAL;29;27;30;32;56;32;42;44;30;45;44;29;29;32;42;35;49;32;22;35;51;30;46;22;51;39;42;41;36;29;40;42;48;41;47;52;42;54;48;54;40;34;28;19;14;20;10;11;22;20;19;11;29;19;23;21;26;16;26;14;24;29;25;10;29;45;34;36;50;31;24;19;37;34;59;46;26;36;36;38;35;45;48;28;32;37;40;51;55;37;40;36;43;37;34;35;31;14;32;35;54;42;40;34;27;35;21;18;17;28;14;18;41;19;27;26;25;38;23;18;47;34;28;17;43;25;37;31;40;21;4
HELVETICA;45;40;23;28;31;37;38;47;65;55;43;21;44;30;43;38;49;28;34;38;53;30;36;44;31;39;62;40;50;46;39;52;30;50;40;26;40;38;61;35;58;42;43;41;4;17;16;9;;;;;;23;;;;;;;28;15;11;4;27;34;32;31;41;42;37;10;29;32;30;20;28;47;30;44;45;28;34;20;36;29;42;53;41;54;49;43;35;36;32;19;31;25;50;42;37;23;36;34;46;45;24;13;25;16;14;8;16;21;23;48;42;38;27;20;58;43;26;34;48;32;42;31;39;21;2
FOTON;;;;;;;;;;;;;;;;;;;;;;;;;;;3;1;10;26;10;19;14;6;6;15;25;14;5;3;7;5;7;8;6;6;9;5;28;19;7;15;14;10;18;8;5;18;10;10;19;16;10;2;5;20;12;22;29;16;14;7;7;8;5;7;5;23;20;21;26;24;19;19;28;21;17;19;12;15;68;69;41;37;26;33;42;77;37;29;38;49;46;40;45;43;53;20;10;27;31;38;77;49;132;107;98;97;97;105;130;88;113;185;122;133;144;151;104;165;19
DFSK;;;;;;;;;;;;;;;;;;;;;;;;;;;;;;;;;;;;;8;76;111;99;128;91;66;77;50;45;40;35;45;35;38;30;36;33;32;37;23;25;25;17;24;25;26;8;17;39;31;36;40;40;43;24;36;25;32;32;29;50;40;33;39;37;29;14;32;14;14;18;20;25;32;14;6;11;8;14;4;10;9;3;8;4;1;4;16;9;19;5;6;9;10;9;16;6;22;51;54;56;55;45;77;50;51;54;56;67;62;98;85;83;14
VULCANO;9;14;23;20;7;21;23;17;23;24;14;10;21;18;13;31;29;24;17;22;21;26;24;11;33;15;16;35;37;27;29;28;25;29;27;18;21;21;17;31;32;26;16;15;19;15;16;10;14;22;27;32;18;27;19;18;15;26;29;20;13;35;20;14;12;36;32;31;37;32;47;14;13;31;48;38;21;43;33;36;36;42;55;34;29;35;38;35;40;43;38;33;25;18;19;18;31;31;38;28;26;28;18;32;13;18;13;7;15;25;16;17;25;19;27;34;15;22;24;16;15;24;14;32;36;20;28;22;14;25;
HAVAL;;;;;;;;;;;;;;;;;;;;;;;;;;;;;;;;;;;;;;;;;6;;5;8;1;7;4;2;6;11;15;8;10;6;21;15;8;3;;;11;11;9;;1;6;11;7;11;13;3;3;9;9;16;11;6;11;16;15;8;10;11;9;22;10;15;8;8;8;4;1;2;;;3;12;17;7;18;8;15;19;20;2;10;8;2;3;;4;7;26;31;35;26;24;48;38;38;80;57;72;74;70;134;320;350;463;450;82
PATRONELLI;33;14;22;17;32;23;36;11;21;17;18;9;10;15;8;20;17;21;14;20;28;27;30;21;28;32;28;31;29;29;25;28;30;50;43;28;22;24;38;29;22;19;20;31;11;21;9;9;14;23;24;22;20;3;23;16;13;11;7;10;8;13;18;4;12;8;13;26;26;28;9;18;8;8;37;29;14;20;48;42;57;26;73;31;15;4;35;23;49;29;26;23;21;24;17;18;14;16;40;22;17;14;23;14;19;11;12;12;5;8;17;28;17;18;31;40;31;24;25;19;39;13;41;48;41;25;42;30;30;16;4
SUBARU;7;9;7;3;4;7;7;7;18;6;3;6;8;10;15;20;13;22;19;33;23;36;19;12;19;28;25;29;35;32;39;43;41;26;36;37;25;30;52;24;43;39;25;57;55;32;23;29;34;29;45;41;44;27;55;41;26;28;23;45;20;27;20;3;12;30;11;16;26;22;12;3;4;1;10;9;21;15;17;19;10;12;12;7;10;10;4;10;13;12;11;9;14;9;9;11;10;6;5;10;11;13;6;3;;9;8;20;;19;34;20;23;31;28;28;24;48;16;33;22;38;44;52;27;35;35;37;77;56;3
MINI;13;8;7;4;3;8;4;9;12;12;6;4;14;9;7;22;26;24;43;39;48;43;30;18;71;39;52;44;53;39;42;27;52;44;29;24;91;45;32;31;35;22;23;30;14;24;19;9;37;30;17;15;23;23;31;24;19;27;23;20;30;17;11;;15;26;34;16;7;6;5;7;10;7;8;6;11;11;16;27;32;20;22;6;14;8;13;12;17;9;4;6;4;1;5;8;3;7;7;5;11;20;10;8;4;10;16;28;5;5;5;14;12;6;27;21;12;15;21;8;31;19;21;26;18;21;18;30;29;25;4
MITSUBISHI;57;45;43;43;35;64;41;56;53;50;35;13;42;22;27;39;38;26;39;38;53;23;24;30;39;35;28;38;36;32;37;33;26;37;26;16;55;29;25;23;24;9;15;9;9;11;7;4;3;5;7;2;1;2;17;15;13;10;10;11;27;16;13;2;12;33;12;11;6;5;8;11;13;6;14;5;4;10;8;13;13;9;10;4;11;9;9;9;10;12;6;5;6;7;6;4;3;12;14;18;7;6;11;12;7;4;11;5;4;4;1;2;6;;5;7;11;14;18;14;17;38;17;28;31;32;56;41;67;38;7
DANES;31;11;14;43;7;24;8;17;31;25;15;6;15;7;26;9;8;11;9;10;21;17;6;1;33;12;27;4;52;13;35;12;11;13;19;6;12;9;12;13;10;20;5;10;13;17;11;9;5;16;8;13;27;2;17;18;10;8;12;2;23;14;17;2;5;5;4;15;12;8;5;8;21;17;27;18;27;13;30;13;23;32;31;15;18;13;23;38;24;25;27;20;24;14;13;23;27;25;29;7;23;25;35;34;31;27;12;10;28;15;28;25;25;12;54;26;33;11;26;9;24;26;10;25;42;19;33;33;15;18;6
ALFA ROMEO;25;27;30;24;25;39;40;39;19;30;22;26;24;25;33;40;52;35;32;30;31;27;29;17;27;33;45;32;44;33;42;44;22;41;37;16;26;14;17;15;6;16;17;9;7;8;18;5;18;8;13;5;10;6;12;32;8;9;10;4;18;9;9;;5;18;7;6;13;13;9;5;5;4;3;4;1;4;5;9;6;6;12;2;9;3;6;5;6;7;2;2;5;4;14;1;7;4;13;5;7;4;8;6;2;3;3;8;3;8;7;3;4;4;9;6;9;16;8;;18;18;14;14;15;14;6;11;5;5;1
GEELY;;;;;;;;;;;;;;;;;;;;;;;;3;3;9;16;29;51;31;50;37;57;61;93;81;144;86;101;115;100;65;56;79;30;26;38;36;55;39;30;34;15;24;36;30;11;11;5;22;32;12;8;4;10;31;14;7;11;7;2;10;11;6;7;2;2;4;2;5;4;3;1;2;;;;;;;;;;;;;;;;;;;;;;;;;;;;;;;;;;;;;;;;;;;;;;;
PINCEN;2;17;15;12;7;19;19;17;41;14;15;11;23;19;13;22;11;22;9;15;15;8;23;8;15;10;20;14;10;10;8;12;20;8;23;23;18;25;13;15;24;18;10;23;10;9;10;37;18;5;10;15;14;7;15;6;5;12;4;7;4;4;4;2;6;4;13;18;18;17;5;8;2;17;35;12;8;11;40;20;11;10;6;8;20;11;14;13;43;27;24;17;13;11;8;9;15;9;28;13;45;17;10;20;5;17;7;10;13;3;7;10;12;4;13;9;12;11;8;9;25;15;6;22;9;12;21;20;25;12;
MALDONADO;19;17;21;33;32;30;25;21;31;23;18;9;29;15;13;36;21;22;12;22;17;16;13;10;25;22;31;16;28;21;26;26;12;23;29;12;26;20;35;32;21;21;14;15;3;8;2;3;4;11;8;12;10;7;16;7;23;5;2;3;6;5;7;1;6;7;14;14;13;13;5;6;20;17;8;5;4;17;11;12;13;15;11;8;10;8;15;13;23;11;19;23;8;13;4;10;14;17;12;15;17;6;16;8;13;8;6;7;1;4;4;4;6;1;9;4;9;14;5;2;14;7;13;17;12;15;11;8;18;10;1
MONTENEGRO;27;22;29;13;20;13;19;28;14;19;14;7;22;14;13;24;18;10;7;11;17;11;13;11;16;18;14;12;21;34;22;22;29;23;28;16;24;14;28;18;22;18;18;14;13;18;12;8;19;12;18;17;15;12;13;24;14;13;9;8;11;10;12;2;12;12;4;20;16;19;13;6;24;10;14;13;10;16;14;9;9;19;13;9;12;9;7;14;8;10;17;18;13;7;14;9;8;4;15;3;8;7;7;6;6;7;2;6;4;8;9;12;6;3;11;16;7;9;14;4;10;17;11;11;15;18;12;8;6;12;1
JAC;;;;;;;;;;;;;;;;;;;;;;;;;;;;;;;;;;;;;;;;;;;;;1;38;34;21;40;26;12;28;19;26;42;35;13;4;10;20;25;19;24;11;23;47;28;15;22;32;30;12;23;17;17;3;10;14;16;12;4;8;15;6;12;7;19;15;11;10;3;7;11;8;6;9;4;6;;2;4;1;7;5;2;1;5;2;11;4;5;3;11;3;8;4;1;26;31;17;37;39;44;61;76;83;104;88;87;52;13
GROSS;9;9;6;11;6;14;10;8;20;14;8;2;16;11;9;15;14;17;11;14;12;13;18;8;18;13;13;12;20;18;11;14;11;9;19;4;18;13;16;15;8;12;10;9;9;5;1;5;6;4;5;10;22;11;11;9;14;9;8;7;25;20;9;5;11;17;21;15;13;16;12;9;17;9;26;16;15;24;22;24;21;15;26;12;12;29;26;23;17;16;17;21;18;15;11;6;3;23;29;13;19;10;12;21;7;13;12;1;23;19;12;11;16;9;10;7;14;6;7;5;17;19;13;13;11;18;17;8;9;12;3
SHINERAY;;;;;;;;;;;;;;;;;;;;;;;;;;;;;;;;;;;;;;;;5;25;25;27;20;18;13;18;10;39;32;15;22;17;23;22;26;8;14;16;20;20;9;14;2;17;22;25;32;24;20;15;22;12;16;16;7;9;9;24;24;21;19;16;9;25;17;41;20;24;19;16;19;20;11;22;10;13;16;10;16;20;16;14;27;23;13;15;17;11;28;10;23;25;24;29;25;15;14;4;5;3;1;1;47;20;33;37;31;19;25;2
SUZUKI;;;3;2;;1;;;7;4;9;13;4;10;5;5;6;9;13;15;11;19;14;16;21;18;18;21;39;11;18;17;14;23;19;13;53;25;36;31;39;39;37;44;18;19;20;21;26;21;19;16;14;16;20;38;13;20;14;17;18;20;14;1;8;15;10;11;7;5;2;1;3;8;7;;;1;;1;14;12;8;7;11;7;8;5;3;8;11;1;5;3;2;2;2;2;4;2;3;3;2;2;;2;7;3;;2;1;2;6;3;;10;11;9;4;11;5;34;18;9;12;33;32;15;32;25;4
MACTRAIL;4;2;2;5;3;5;3;2;7;13;13;14;10;6;10;5;7;9;9;11;7;15;7;15;14;12;10;8;7;9;10;4;5;8;6;9;6;7;8;10;8;6;6;9;7;12;7;14;12;9;10;8;10;5;7;5;11;11;10;11;6;14;10;2;3;2;1;5;13;23;15;8;18;4;5;4;6;6;14;5;18;27;31;17;21;21;16;15;17;31;33;49;43;21;52;53;24;15;22;6;7;7;24;8;20;23;19;19;19;9;10;6;4;6;5;7;10;16;25;24;13;5;8;8;9;9;4;4;8;21;1
MARCELINI;8;12;17;15;8;19;19;25;34;16;17;13;15;9;8;12;12;9;15;12;17;15;13;14;13;10;9;15;23;14;18;20;15;27;12;10;13;17;8;27;17;11;15;13;8;11;9;4;9;11;11;9;17;6;21;6;11;15;5;6;11;4;8;4;8;10;5;15;9;9;9;7;9;5;14;9;5;15;7;16;23;11;18;10;13;12;18;10;24;14;13;15;10;13;14;3;6;2;9;7;5;12;14;16;11;6;5;4;11;7;14;7;8;5;13;10;6;12;7;14;10;10;7;12;18;13;12;11;12;10;2
F.H.;20;6;11;9;13;15;12;11;15;12;15;6;18;10;14;13;7;12;4;8;13;11;6;4;19;10;13;10;17;4;11;16;8;11;11;4;24;12;8;10;12;11;12;16;7;14;10;7;21;7;8;11;14;10;17;9;9;15;7;13;18;9;2;3;11;9;12;15;15;13;6;7;15;8;19;11;7;17;19;12;17;10;13;6;7;13;12;15;9;15;8;15;15;10;15;20;7;3;12;10;12;11;17;11;4;9;5;1;5;9;13;7;10;6;9;10;11;14;9;5;7;14;9;11;12;9;10;16;12;10;
LEXUS;;;;;;;;;2;;;;;;;;;;;;;;;;;;;;;1;;1;;;;;;;;;;;;;;3;;1;25;15;10;2;29;5;10;20;5;7;11;7;40;14;17;5;7;46;13;13;7;9;2;1;7;48;56;14;18;13;9;16;13;12;12;2;18;10;14;15;31;21;10;17;1;;11;11;42;30;35;24;24;34;18;29;21;17;20;4;14;2;5;7;12;5;14;15;13;10;11;13;36;18;21;41;24;25;41;21;19;34;7
KYC;;;;;;;;;;;;;;;;;;;;;;;;;;;;;;;;;;;;;;;;;;;;;;;;;;;;;;;;;3;;1;;2;4;5;;1;10;26;21;18;20;26;15;17;18;9;10;13;9;19;15;26;25;32;28;34;23;34;26;39;24;33;31;18;6;14;13;11;14;17;8;11;7;14;9;14;15;16;17;10;11;15;7;16;10;25;22;28;28;31;18;29;32;15;31;28;19;35;28;25;40;6
METAGRO;;;;;;;;2;6;4;2;1;1;9;6;2;7;5;4;6;6;4;7;11;10;5;11;5;10;12;8;14;12;11;35;10;5;11;21;13;12;24;5;12;7;2;1;8;4;6;2;18;23;4;9;5;5;5;5;4;8;3;5;8;8;15;12;13;14;14;13;6;6;12;21;16;9;20;4;13;14;10;18;13;7;16;19;14;10;20;15;16;21;10;12;9;11;12;9;9;11;15;11;13;11;7;11;3;4;9;6;9;8;10;16;13;9;18;2;9;11;15;16;17;18;15;15;9;15;18;10
DODGE;6;8;8;6;7;10;5;2;1;1;10;3;;3;1;2;3;2;;;;37;47;15;78;39;58;61;78;55;40;43;37;29;38;35;49;36;78;45;25;30;22;24;28;27;16;6;3;2;4;3;8;6;10;10;11;4;3;3;5;6;2;;1;1;2;1;2;1;;;;;;;;;;;;;;1;1;;;;;;;;;;;;;;;;;;;;;;;;;;;;;;;;;1;;;;;;;;;;;;;
SMART;25;12;17;16;4;12;21;11;15;10;7;3;1;;;1;28;32;19;29;12;60;118;74;42;14;24;29;35;39;26;26;16;23;20;19;24;90;75;22;22;14;8;9;1;35;26;15;;3;;;2;;2;1;1;;;1;;;;;;;;1;1;;;;;;;;;;;;;;;;;;;;;;;;;;;;;;;;;;;;;;;;;;;;;;;;;;;;;;;;;;;;;;
HINO;;;;;;;1;1;;;;;;;;;;4;5;2;5;14;14;8;15;14;8;7;8;24;24;18;22;15;23;18;32;18;15;19;15;15;9;10;10;7;5;6;11;12;3;7;5;4;5;3;4;4;1;3;2;3;5;1;9;10;11;6;10;8;5;2;14;6;12;3;5;13;5;10;8;4;9;3;7;6;5;4;9;11;6;2;3;2;2;3;13;4;25;25;26;44;37;30;9;35;31;5;4;7;7;4;13;4;9;18;17;19;13;8;16;16;4;10;6;6;6;3;6;6;
FERBUS KAISEN;;;;;;;;;;;;;;;;;;;;;;;;;;;;;;;;;;;;;;;;;;;;;;;;;;;;;;;;;;;;;;;;;;;;;;;;;1;1;1;2;7;3;3;1;9;27;30;54;22;52;33;28;31;28;38;37;37;42;42;32;34;30;14;20;20;25;18;17;23;21;33;21;23;14;9;17;8;7;13;24;16;13;17;21;17;13;5;9;16;6;11;19;19;12;2
H.C.MANCINI;5;4;6;12;6;5;9;6;12;8;3;23;15;7;8;6;3;8;4;5;4;11;7;6;15;5;5;8;8;17;7;13;9;12;15;15;16;17;11;9;5;5;11;9;13;7;5;4;8;;1;5;8;9;7;2;10;14;6;4;4;9;1;2;5;8;10;5;8;5;7;6;;9;3;7;8;1;9;12;12;6;16;8;12;9;8;8;13;4;5;7;15;5;6;5;17;7;8;9;6;13;23;10;14;7;6;2;2;2;2;3;8;1;8;8;9;11;5;2;5;4;5;6;8;4;7;5;11;8;1
ZANELLA;;;;;;;;;;;;;;;;;;;;;;;;;;;;;;;;;;;;;;;;;;;;;;;;;;;;;4;1;1;1;6;2;;3;4;;;;;;2;1;;5;5;10;6;4;5;1;1;5;7;18;15;18;18;11;30;13;24;19;24;6;15;23;7;4;6;3;8;11;9;17;17;11;11;19;13;31;17;6;4;8;7;12;19;18;32;36;50;35;23;17;49;13;26;18;17;8;10;14;10;11;
GREAT WALL;;;;;;;;;;;;;1;;;;;;;;;;;;;;;;;;;;;;;;;;;;14;9;15;42;19;13;22;14;30;27;15;21;20;13;25;33;12;16;14;6;5;5;7;;3;12;16;22;11;22;19;13;17;10;8;10;7;7;2;3;5;2;1;2;4;1;2;3;;4;2;5;5;4;2;3;8;5;11;10;13;7;7;12;7;13;12;15;7;1;1;1;;6;2;10;13;14;14;8;3;9;9;6;8;8;12;9;19;15;3
NAVARRO HNOS;4;5;7;5;8;10;14;2;21;3;3;3;1;4;7;8;10;15;16;3;6;4;16;3;;;2;16;11;14;10;7;14;11;9;3;4;3;1;10;11;15;7;17;3;18;;2;;1;;10;13;9;5;1;1;1;13;2;;;1;2;18;12;8;8;5;2;5;7;5;1;7;7;17;22;15;12;11;1;8;7;4;2;3;19;5;21;2;1;6;4;9;7;4;;18;6;1;12;8;2;1;16;52;9;6;1;3;1;1;1;8;1;1;;4;3;2;;1;3;;3;4;;3;11;
ASTIVIA;8;5;3;13;6;2;12;10;7;13;10;3;13;9;14;11;8;5;2;5;6;4;5;;6;7;8;7;5;4;3;11;2;4;9;4;9;9;8;3;9;8;6;11;9;12;5;4;13;6;5;12;10;5;5;7;10;5;3;8;2;7;3;3;6;9;13;10;8;13;4;5;14;6;15;7;7;8;14;10;13;6;9;8;2;6;13;8;9;7;6;5;9;6;3;4;4;3;10;3;8;5;2;5;7;5;7;5;5;4;6;4;5;1;5;3;4;8;1;1;2;7;2;1;4;6;4;10;5;7;
AIELLO;2;7;6;7;4;7;6;5;4;5;6;1;1;5;11;7;9;4;8;8;6;8;8;4;5;11;6;12;11;9;11;10;6;5;11;3;8;3;8;10;4;3;8;9;1;3;4;5;1;5;5;3;3;7;8;5;3;10;8;3;4;6;6;1;9;7;9;11;3;15;9;6;7;9;20;9;9;16;13;17;16;20;6;11;5;12;9;13;18;18;15;13;7;5;16;2;2;2;2;;8;6;9;8;1;3;;1;;3;4;;1;1;;4;13;6;3;6;5;9;3;1;10;1;3;7;;1;
GRASSANI;4;11;14;18;9;16;10;10;11;22;18;12;4;15;8;12;14;5;10;9;10;6;7;10;9;4;8;5;13;17;15;7;7;21;10;5;12;12;18;12;12;14;16;5;14;7;6;1;;5;3;2;3;3;2;1;2;8;1;;2;4;;;6;;2;6;7;2;4;1;9;2;3;4;6;10;5;5;5;2;3;5;4;;12;4;3;4;3;7;7;6;1;6;10;8;11;9;3;4;2;2;4;6;2;;8;2;3;4;2;2;5;3;3;2;3;4;3;3;3;7;7;3;2;5;9;4;1
EL GRILLO;;2;;4;3;6;1;;3;1;3;3;2;2;3;4;4;8;3;7;5;4;3;2;3;2;11;3;7;6;2;10;6;2;7;7;2;7;3;13;7;5;3;7;7;6;6;;3;3;4;6;17;4;10;4;6;2;2;6;2;4;5;4;5;7;9;9;10;5;15;7;2;8;3;5;6;16;8;7;15;5;7;9;3;9;15;9;15;5;17;11;8;6;2;3;;4;3;3;15;7;4;7;7;4;18;3;;;5;1;6;4;9;13;7;15;8;6;3;5;3;5;16;7;6;10;10;8;
JMC;10;10;5;9;7;15;8;5;6;2;1;3;2;2;1;2;2;14;2;10;6;13;15;8;15;20;9;23;29;15;11;12;16;13;21;16;22;18;19;16;15;4;5;6;7;1;4;4;2;4;6;2;4;3;4;4;2;6;1;1;3;4;8;3;7;6;6;2;1;10;3;3;1;;2;4;;1;1;9;5;3;2;5;2;2;4;2;4;1;1;;;;;2;2;2;;;1;1;;2;;1;2;1;;3;1;1;;;1;;7;8;7;5;10;6;7;8;10;7;5;12;14;20;1
TAHNOS;4;5;6;9;12;3;12;6;5;9;7;6;4;13;9;12;6;8;11;9;9;13;5;5;11;10;9;10;9;9;9;12;12;8;8;6;10;10;6;5;6;9;7;4;6;6;3;;4;5;2;5;6;5;3;6;9;4;6;2;4;3;1;;4;5;10;6;4;7;7;5;8;8;12;6;5;8;9;6;10;7;13;5;8;8;6;5;6;9;7;6;6;6;4;2;4;2;5;4;8;5;8;3;2;1;2;;;;1;;2;;2;3;2;3;5;;1;1;3;1;1;2;5;4;4;3;1
EL FIERRO;9;3;5;7;3;10;6;2;12;12;6;1;8;14;8;5;11;5;8;8;9;7;13;1;12;13;10;8;9;16;12;21;6;13;14;5;7;8;11;6;9;6;16;10;7;5;7;5;3;6;8;1;2;7;11;3;3;4;3;3;2;4;2;1;2;6;;4;6;3;2;3;3;1;10;6;3;6;3;6;11;4;3;7;2;8;2;3;6;3;3;5;4;4;2;12;3;3;4;3;7;5;7;5;2;4;4;2;;3;1;1;2;1;1;6;4;2;3;2;;3;4;3;6;2;3;3;4;3;
ISUZU;;;;;;;;;;;;;;;;;;;;;;;;;;;;;1;2;4;6;4;1;16;8;14;9;8;5;7;3;4;9;8;5;1;6;9;15;9;7;3;5;2;1;3;2;3;7;16;6;9;3;12;17;3;7;3;9;9;6;9;6;13;5;6;5;4;9;10;14;6;3;2;7;4;1;3;6;12;6;13;13;11;1;2;2;3;10;8;3;5;6;5;1;3;6;6;7;4;2;6;6;5;13;6;8;14;9;18;8;14;10;9;16;10;13;11;11;5
METALURGICA BELGRANO;6;2;7;8;11;7;3;10;10;10;;4;4;1;3;6;3;7;1;13;5;5;3;1;5;5;12;4;9;6;7;11;11;9;9;1;5;5;6;5;2;1;10;8;3;2;5;1;4;5;4;3;5;1;2;8;2;5;3;;7;3;3;2;1;2;2;5;9;4;5;2;6;8;9;4;1;4;2;4;3;8;5;3;6;11;4;5;2;5;5;4;9;4;4;4;8;3;4;4;1;9;4;7;5;6;5;2;7;3;2;5;8;14;15;2;7;7;2;;3;8;2;3;6;2;7;10;4;7;1
JETOUR;;;;;;;;;;;;;;;;;;;;;;;;;;;;;;;;;;;;;;;;;;;;;;;;;;;;;;;;;;;;;;;;;;1;;;;;;;1;11;6;6;4;1;4;8;5;8;12;6;11;12;16;11;5;4;9;4;3;;2;1;4;;5;2;6;5;3;4;6;9;7;9;1;1;4;3;2;3;9;8;8;7;9;15;38;18;14;27;37;38;35;41;54;36;4
NAVATUC NT;2;1;2;5;32;6;13;6;5;7;1;2;1;2;4;7;12;12;5;9;10;3;2;3;2;3;4;4;15;25;12;6;10;3;11;1;3;3;4;8;13;3;3;6;1;;;1;3;2;10;12;3;6;1;5;2;;1;;1;;;;2;2;3;21;16;2;3;2;2;2;4;6;6;10;2;1;2;1;3;;4;9;4;25;4;10;2;2;1;2;;2;;1;1;;;23;6;8;3;1;;2;;1;2;1;;7;12;2;7;2;;1;;15;5;2;4;5;1;6;1;;
AST-PRA;10;1;;4;2;3;5;9;8;2;10;12;5;3;5;4;3;8;5;4;5;3;7;2;12;3;4;3;6;1;7;8;5;3;10;7;14;3;7;3;3;7;8;4;3;;2;2;4;6;4;1;6;2;;3;2;3;6;1;2;3;;3;4;4;2;3;3;7;9;2;7;5;4;5;4;8;9;11;9;5;5;5;6;7;5;10;9;6;5;2;4;6;5;3;14;5;6;4;6;7;2;4;12;2;1;;3;1;;2;3;3;2;4;2;4;4;3;7;2;3;1;7;2;2;2;7;5;
CORADIR;;;;;;;;;;;;;;;;;;;;;;;;;;;;;;;;;;;;;;;;;;;;;;;;;;;;;;;;;;;;;;;;;;;;;;;;;;;;;;;;;;;;;;;1;3;17;19;22;17;19;10;22;10;9;12;18;28;33;16;30;28;26;13;17;26;46;25;5;12;8;4;8;4;3;9;7;3;18;4;12;5;11;3;9;6;2;2;
CHANGAN;;;;;;;;;;;;;;;;;;;;;;;;;;;;;;;;;;;;;;;;;;;;;;2;4;;2;6;1;1;4;4;7;6;1;5;1;;3;2;1;;1;6;11;11;14;12;25;7;16;10;6;10;8;14;10;7;18;13;10;12;9;10;12;9;12;13;10;10;10;13;12;8;16;15;17;12;9;2;8;7;3;11;16;20;5;5;3;3;6;1;3;4;4;3;3;8;3;2;5;;1;3;2;;;;
MERCEDES BENZ/MARCOPOLO;12;7;1;;2;1;4;1;;13;4;2;20;2;;;;12;14;8;7;11;2;1;58;28;22;25;21;10;12;12;29;13;10;30;45;7;12;2;3;3;5;5;1;1;3;1;5;8;1;6;1;4;9;;;3;1;2;4;6;2;;1;;1;1;1;;;;6;1;1;2;;2;;;4;4;2;1;4;;;3;3;1;1;;;;1;;5;;;;;;;;;;;;;;;;;;;;;;;2;;1;;;;;;;;;
REMOLQUES RECONQUISTA;2;2;5;3;4;4;3;3;1;3;1;4;;2;2;2;2;6;5;7;1;4;3;2;4;5;2;6;15;7;4;12;1;6;5;2;5;5;2;7;6;6;3;4;1;1;2;;2;5;7;2;6;6;6;6;3;11;;;4;2;4;2;11;7;10;5;10;4;4;5;11;;7;8;6;5;8;6;11;15;3;10;8;4;8;2;11;4;6;5;6;8;1;5;6;1;6;2;4;6;2;2;1;1;3;2;;1;4;2;5;2;6;5;7;3;3;2;3;1;9;3;4;4;3;6;3;8;
HEIL;28;3;6;12;9;11;4;16;19;10;12;;10;;12;4;9;7;7;;10;11;10;3;13;12;3;7;6;11;14;14;9;10;9;11;9;3;5;11;8;15;9;8;13;1;6;7;12;14;3;11;7;4;4;5;9;5;2;1;3;;3;;3;;;1;3;1;1;1;2;10;2;;1;;;2;1;;1;1;;14;1;3;;3;1;2;2;;;;;1;;2;;;;;;;2;;;;;;;;1;;1;1;;1;1;1;;;;;;;;;
FANGIO;8;4;7;13;3;11;17;4;10;5;7;3;3;7;8;13;3;4;6;8;15;3;5;2;4;9;;12;6;9;6;7;2;11;13;9;13;4;3;9;3;10;;3;2;19;;;6;16;3;1;6;4;1;2;1;2;;;;6;2;;;;4;1;1;;1;5;7;;3;;1;3;9;;;4;8;4;;1;2;11;;8;2;3;3;2;5;2;2;;9;2;2;5;2;5;7;4;3;2;;1;3;3;1;1;4;7;5;;2;1;2;1;1;2;5;5;3;11;3;3;
MIC;4;1;8;11;2;3;5;2;8;2;3;2;4;2;4;8;1;4;3;3;7;2;4;1;1;6;4;6;7;5;3;4;5;8;8;4;5;8;5;15;5;5;10;7;1;13;1;1;1;5;6;8;3;3;8;;6;6;4;;1;2;3;;8;8;4;8;7;2;4;3;10;3;5;4;7;7;7;10;4;14;4;2;3;5;5;5;6;6;12;5;10;7;6;6;2;4;8;10;9;1;6;10;3;3;3;1;4;;4;3;;1;;;;;1;;2;2;1;1;2;;1;1;;;
SCANIA/MARCOPOLO;4;6;3;3;;2;7;;;;;;;;;;14;14;25;14;24;4;13;3;17;2;;1;;1;7;38;6;;;11;32;14;6;;;;11;4;1;17;2;;22;1;;30;;13;1;;2;1;2;8;6;;10;;;;;;;;;7;;;2;;2;5;1;;;1;31;3;15;;9;1;1;1;;7;4;5;1;;18;6;;;;;;8;;;;;7;;;;;;1;;;;;3;13;1;;1;2;2;1;;1;3;
PORSCHE;5;6;5;2;1;3;8;8;4;5;2;;5;1;4;2;1;3;2;7;2;13;8;3;24;16;15;6;11;18;12;12;12;9;9;4;13;8;3;7;6;5;11;16;7;5;3;5;9;5;4;5;4;6;4;2;5;6;2;5;7;2;1;;;1;1;2;2;1;;;1;2;1;1;;3;;4;1;2;;1;1;1;2;4;2;;2;;;;1;;5;1;;1;1;;1;4;5;;1;1;1;;3;3;2;1;3;5;2;4;2;1;7;3;4;2;5;12;6;12;2;10;3
LAND ROVER;4;8;6;4;1;5;4;7;4;6;7;4;9;1;8;5;3;12;9;7;19;11;6;2;13;15;8;8;5;8;14;9;22;14;20;5;14;8;4;6;16;10;9;12;3;6;5;5;3;3;4;4;7;2;4;2;2;2;5;;;1;;;3;6;4;5;10;2;1;;1;;;1;;;3;3;;;;2;1;4;4;1;;;1;;1;;;;;1;;;;;1;;;;7;3;3;;1;2;2;;1;2;1;1;2;4;7;2;1;2;2;4;1;3;11;5;
AHT ALZUARTE;6;2;2;4;2;4;4;5;9;2;4;1;4;5;8;;2;6;5;5;5;5;3;3;5;2;3;3;4;2;10;7;6;4;4;2;6;2;5;3;5;1;9;6;11;1;14;2;10;;5;3;3;2;3;3;4;4;2;2;4;2;3;1;3;4;2;2;2;3;4;1;4;2;2;2;4;3;4;3;4;3;5;5;4;3;6;3;4;1;4;7;13;9;5;7;8;8;7;8;5;4;9;8;15;4;4;2;4;4;5;4;4;4;5;2;;4;3;1;3;2;;7;3;1;2;2;2;8;
S STOESSEL;2;2;5;1;4;3;4;3;2;2;3;3;1;9;4;5;2;5;7;7;8;5;7;4;6;5;4;15;5;4;8;4;8;6;6;4;3;7;6;6;9;5;5;9;6;4;2;;2;5;2;2;14;2;;5;1;2;1;;3;;1;;1;;1;;;2;6;;4;3;1;1;3;2;9;3;3;2;3;2;4;8;1;8;8;1;9;3;10;3;6;3;2;2;4;9;;3;1;3;7;4;5;;;;;;;1;6;7;4;3;;5;2;4;6;4;1;7;10;10;11;11;2
MM-MARTIN;;;;;;;;;;;;;;;;;;;3;3;1;3;;;5;2;6;4;3;4;2;5;3;3;1;1;10;3;3;6;4;6;2;2;3;3;1;;2;;;4;2;1;4;5;4;3;3;;7;3;7;2;4;8;8;9;12;13;12;6;19;14;11;23;6;11;12;4;6;9;5;4;4;15;9;9;6;9;5;12;3;5;1;3;1;2;3;7;3;;6;2;1;1;;;;1;3;5;3;;;9;2;5;2;1;1;4;4;4;1;5;4;6;3;3;3
COMAR;10;3;;13;4;9;8;4;12;2;5;10;8;2;;1;3;4;4;3;;4;2;8;13;6;3;2;4;9;5;5;6;7;5;7;7;6;7;;1;;4;4;2;8;1;1;1;2;2;6;5;1;6;7;3;3;;2;3;1;1;;;1;4;3;3;4;3;1;7;1;7;4;5;13;7;5;6;3;6;3;8;6;4;5;9;;1;7;1;4;2;1;5;4;6;2;5;7;5;;;7;5;;1;2;;2;2;2;5;5;3;5;3;;1;1;5;5;1;2;3;3;1;;2
SATURNI;2;6;6;4;7;11;5;3;4;6;4;2;8;4;6;3;8;4;6;12;8;4;6;;16;4;12;5;4;11;3;12;5;6;2;5;10;7;8;7;5;5;4;;2;1;2;2;3;;2;3;5;1;2;;1;2;2;1;3;3;1;;3;1;2;7;1;5;3;2;6;1;8;3;2;2;;1;1;2;;3;6;3;3;1;3;1;4;;6;3;4;2;3;2;2;2;2;6;1;4;1;2;1;;;2;2;4;1;2;4;4;1;1;2;;3;1;1;2;4;;3;1;5;3;
RUBIOLO;;;;;;;;;;;;;;;;;;;;;;;1;;3;2;2;;3;2;2;2;3;4;2;2;4;4;2;2;2;1;1;;1;;1;1;;1;;1;2;1;1;1;;2;2;;2;;1;;;3;1;2;4;4;1;2;4;2;1;3;1;7;6;6;5;5;4;8;4;3;8;12;14;8;2;8;8;3;7;5;5;6;7;6;8;8;10;10;13;5;12;2;5;6;4;4;10;6;7;4;5;13;4;6;5;9;1;6;2;3;6;9;8;5;1
DFM;7;9;3;6;4;9;10;11;7;12;7;5;6;2;2;5;2;1;4;1;2;8;7;3;3;4;8;5;5;3;13;10;12;15;9;7;7;8;1;6;7;1;3;3;1;;1;;3;2;1;3;3;;4;;;2;2;1;3;;4;;7;8;10;1;2;3;1;1;1;1;;;6;6;3;2;3;2;1;;1;2;4;7;3;4;;2;;1;1;3;;1;3;2;2;3;;1;1;2;;3;;2;1;3;1;2;4;3;4;1;1;5;;2;;;1;1;;;;;1
SAYI;7;3;4;4;1;5;5;5;3;3;;3;3;5;;3;3;1;1;1;1;1;4;4;4;3;1;;8;1;3;3;4;8;12;5;3;2;1;3;8;;5;;2;5;10;4;;4;6;4;;3;1;5;;;;4;;3;;;2;;1;1;2;4;1;2;1;1;2;4;;;1;1;2;1;1;1;2;3;;2;4;7;11;1;3;1;2;;2;2;11;4;1;;2;6;1;6;6;;2;3;7;8;14;1;6;1;2;5;7;3;4;7;9;4;10;8;;10;4;4;
SIN MARCA;;;;;;;;;;;;;;;;;;;;;;;;;;;;;;;;;;;;;;;;;;;;;;;;;;;;;;;;;;;;;;;;;;;;;;;;;;;;;;;;;;;;;;;;;;;;;;;;;;;;1;;2;;1;;;;2;;6;2;4;3;8;6;10;22;26;9;24;34;30;24;21;34;17;33;36;21;31;6
CRESCENTE;3;3;6;11;6;7;6;3;12;9;5;3;6;4;9;8;4;4;5;7;7;5;8;5;5;3;11;5;15;9;7;10;7;8;7;2;6;4;4;9;3;6;2;7;6;5;3;3;2;5;2;2;;;3;6;4;;2;2;3;4;6;;3;1;3;2;1;3;1;2;4;;3;1;;;1;1;;2;4;3;;;1;2;4;3;3;2;3;1;2;;;;1;;;;;;;;;;2;;;;;;;;;;;;;;;;;;;;;;
STAHL;2;3;2;3;1;1;1;3;3;3;5;1;;2;3;2;1;3;5;7;4;1;2;3;3;5;5;7;5;5;8;3;2;10;1;2;4;6;9;5;3;4;3;1;5;5;6;2;3;7;4;5;1;2;1;4;4;3;5;7;3;1;;;;4;5;3;5;6;20;6;4;;8;11;2;6;1;3;10;1;3;3;1;1;3;;2;1;3;4;3;2;;5;;1;12;;1;;2;;;3;;1;;;;;;2;1;;2;1;1;1;;;2;2;5;;2;2;;2;
GONELLA;3;2;3;3;5;2;3;3;1;1;1;1;3;;1;2;3;1;;1;2;1;;3;;;6;1;6;1;2;8;2;1;;;1;7;1;5;;4;2;2;2;;1;;1;;1;;;1;2;;1;1;2;;3;4;1;;6;2;3;3;3;2;1;1;8;3;6;7;5;3;4;7;6;4;1;1;3;14;3;6;5;6;8;2;2;4;3;5;3;3;3;4;1;9;3;4;6;5;5;;5;8;3;2;1;3;1;6;10;4;;1;5;1;;5;8;6;8;;5;3;2
OIL TRAILERS;16;;5;12;15;7;3;5;13;7;8;2;12;;3;9;4;;;4;;4;1;1;;;1;6;2;1;1;;1;1;;3;;1;;;6;3;;6;3;;5;;;9;1;2;13;;;10;6;11;4;12;;;;;;;;;;2;;;;;;;3;;1;;4;;1;;;19;;1;7;5;10;;1;;1;4;;;2;1;;;;2;;11;;2;20;;;;;;;5;7;;1;;;;;2;;;3;;4;;
INDECAR;11;1;7;9;6;6;4;2;5;4;6;4;2;1;4;1;1;;;2;1;1;2;;1;;6;2;3;3;4;4;2;1;;;3;1;3;1;2;2;;;1;;;;6;4;;4;2;;5;3;3;2;3;;1;1;5;;1;1;4;4;3;2;1;1;6;1;3;4;1;3;3;3;2;4;1;3;2;1;6;4;2;1;3;3;4;;4;4;6;4;1;2;1;12;1;5;1;4;1;3;2;2;1;2;2;2;4;6;2;3;5;7;6;1;3;4;;2;1;5;7;2;3
CARROCERIAS APEZ;;;;;;;;;;;;;;;;;;;;;;;;;;;;;;;;;1;;;1;;1;2;2;3;4;1;;2;;;;1;1;;;2;;2;;;1;2;1;2;2;2;2;1;1;4;1;1;3;2;4;;3;2;5;;;4;6;6;7;4;3;3;4;7;4;3;4;7;6;7;2;3;2;1;5;6;3;4;5;4;6;4;2;2;10;5;1;6;4;6;2;3;7;4;10;6;7;7;7;9;8;16;4;10;7;16;4;1
GOMATRO;4;5;4;2;1;3;1;7;3;4;5;;8;2;5;2;3;5;2;2;1;4;4;;3;11;2;2;8;2;6;6;2;5;3;2;1;5;2;5;5;3;1;4;6;2;1;3;3;;4;3;6;4;8;2;5;1;4;2;;2;1;;1;4;1;5;3;7;;2;;1;1;;4;3;1;1;1;2;1;;;;2;2;;1;6;;;1;;3;1;1;3;;3;;3;;1;1;1;1;;2;2;1;1;1;3;1;4;2;;1;1;6;1;2;2;3;3;4;4;5;
NIÑO JESUS DE PRAGA;4;1;;;1;4;3;5;;1;6;;2;4;3;1;3;5;5;1;4;4;5;;2;;3;2;2;1;5;7;3;1;2;2;10;1;3;3;;5;1;10;2;1;1;3;3;2;1;3;1;2;1;4;5;1;1;4;1;1;3;;;2;1;1;2;4;;3;1;;2;1;2;1;2;;2;;;2;4;4;;4;1;;1;6;2;2;1;1;;4;1;2;3;3;2;7;5;5;1;1;2;7;1;2;2;;2;2;6;2;5;3;1;3;3;2;2;3;4;7;5;4;2
QME;6;1;10;5;7;3;8;8;3;10;7;8;3;;14;9;2;7;2;3;2;;8;2;1;;1;;2;1;;5;6;;2;4;;3;;;2;;2;6;2;1;9;9;8;1;;4;3;4;2;8;2;1;1;1;;1;;;;;;;1;;1;;;;;2;1;;;;;;;;;1;2;;1;;;3;1;;2;1;;;11;1;5;;;1;1;2;;1;2;13;;;2;;2;1;2;;;2;4;;1;4;;3;11;5;4;5;
FUR-TAN;3;3;3;2;9;3;1;2;3;2;3;2;7;1;18;;2;;1;1;2;2;2;1;;;1;;6;5;;2;4;3;4;1;6;;2;9;2;2;6;8;4;5;;;3;2;2;;2;;1;;4;;;;;3;;;;;1;;;2;1;1;;2;5;1;;;1;2;3;5;;;1;5;2;1;3;;1;4;1;1;4;6;7;2;4;1;7;1;4;5;6;4;3;5;1;1;1;4;1;;;1;4;1;1;1;5;1;2;2;2;4;6;1;3;2;
BACO;1;1;1;3;11;16;1;3;;2;3;2;3;;3;1;;2;1;4;3;2;1;2;3;1;6;2;3;4;3;3;6;5;1;6;3;1;1;5;4;2;2;4;3;2;;1;12;2;;;3;2;1;1;3;1;2;;1;3;1;;;;5;5;;3;1;1;1;2;3;3;1;4;3;4;5;1;2;1;7;3;1;1;3;11;4;3;8;3;2;3;1;;;;2;;2;1;;1;1;2;1;;;;;1;1;1;1;;2;;1;2;1;4;1;1;;;;;
DM TRAILERS;;;;;;;;;;;;;;;;;;;;;;;;;;;;;;;;;;;;;;;;;;;;;;;;;;;;;;;;;;;;;;;;;;;;;;;;;;;;;;;;;;;;;;;;;;1;6;8;7;15;8;11;9;11;4;4;4;;3;6;4;8;16;17;14;10;3;2;4;;10;6;6;7;3;8;13;9;2;2;6;4;7;3;5;9;1
MERCEDES BENZ/COMIL;11;11;4;4;8;6;1;7;8;3;4;2;15;7;14;4;1;2;12;9;5;;3;1;7;3;1;3;1;8;;2;1;;2;2;10;6;2;;;1;3;2;1;2;2;;1;5;3;2;3;23;;2;2;;;1;3;;1;;;;;;;;;;;;;;;;;;;1;;;;;;;;;;;;;;;;;;;;;;;;;;;;;;;;;;;;;;;;;;;;;;;;;
SORAZABAL;;4;1;2;3;4;;;;2;1;1;1;;;2;2;1;;1;3;1;1;;2;;2;3;;3;1;2;1;1;1;2;3;3;;2;2;1;2;4;;4;;;1;1;2;1;;1;2;1;;4;;;1;;;;2;3;2;1;2;2;2;2;;;3;2;;3;2;2;1;3;;;1;1;;2;2;4;1;1;2;1;2;1;;;;1;3;3;3;5;;4;;2;1;;3;1;2;3;5;5;4;4;3;4;3;8;1;6;8;4;6;7;7;4;
DI POLVERE;3;1;4;1;;4;5;8;7;7;6;2;3;;1;2;3;;;;5;6;;;3;;1;2;1;4;1;2;6;2;3;;;1;1;1;1;1;1;;2;;;1;;3;;1;2;;1;2;3;2;1;1;;;;1;1;5;3;4;7;8;3;1;;4;3;;;1;2;1;3;1;1;;;2;2;1;1;;;1;5;2;1;2;1;1;1;2;;6;1;2;;2;1;;1;1;1;;1;1;2;6;1;2;3;1;1;1;3;4;3;1;1;3;2;1;
R.A.G REAL ALFA GENUINA;;3;5;;;;2;3;;4;2;3;;1;2;1;3;1;;;5;2;1;;4;2;2;;;1;3;5;2;5;;;1;;3;;;1;;;;;;;;;;1;;4;;2;;2;;;;;2;;1;2;5;3;;3;1;;4;3;3;4;5;1;6;3;1;;8;;6;2;3;;;4;3;3;1;3;2;2;6;2;2;1;;7;3;2;1;1;1;3;5;;;1;7;;;2;5;;;2;6;;;7;1;6;1;2;;3;
MONTESUR;3;3;4;4;4;1;4;1;6;1;3;1;3;1;;5;4;;2;3;1;3;1;4;11;3;5;4;2;2;1;3;5;2;3;;2;3;3;6;5;;1;;2;;;1;2;1;2;4;1;1;1;2;2;2;1;;1;;2;;2;2;1;4;4;3;4;;1;3;2;3;;3;3;3;2;3;3;;;1;1;2;1;1;2;3;1;;3;1;;2;2;1;1;;;;;;1;;1;;;1;;;1;;;;;;2;2;;;;2;2;1;1;2;
SABINO;3;1;8;9;10;5;11;7;6;6;4;4;7;11;2;7;5;6;2;7;12;1;3;;5;4;3;2;4;4;3;4;4;10;4;2;2;5;3;6;4;3;4;3;2;4;;;;;;;;;;;1;;;;;;;;;;;;;;;;;;;;;;;;;;;;;;;;;;;;;;;;;;;;;;;;;;;;;;;;;;;;;;;;;;;;;;;;;;
GOLONDRINA;1;;4;1;4;;;2;;8;3;2;3;1;4;2;1;4;5;5;6;3;4;4;5;3;6;2;8;6;5;4;5;6;6;2;2;2;5;4;;5;11;5;3;8;6;2;2;5;5;4;3;4;7;2;;1;;1;;;;;;;;;;;;;;;;;;;;;;;;;;;;;;;;;;;;;1;;;3;;;;;;;;;;;;;;;;;;;;;;;;;;;;;;;
MANQUE;1;;;;1;;;;;1;1;1;;;;2;;2;1;2;1;3;1;;1;;;;2;2;;1;;;3;;1;;;;1;1;;2;1;;;;;;;1;1;;3;2;2;;;1;;;;;;;;4;1;2;3;2;2;1;4;2;2;2;5;4;7;13;15;22;10;4;5;4;8;;2;;7;4;5;5;1;;;;;5;;2;;;;;1;;;10;4;;1;;2;2;;;;;;;;;;;;;
BERTOTTO, BOGLIONE Y CIA. S.R.;;;;;;;;1;;;;;;;;;;1;2;;3;;;;;3;;;;;1;;1;1;;1;1;1;4;7;;;3;1;;1;;;2;;8;3;5;;5;;3;1;;;;;;;4;;;1;1;4;3;1;;;8;4;1;4;4;3;5;3;3;6;8;2;2;10;4;1;3;6;4;6;1;;1;3;2;;2;1;2;;2;1;1;;;1;;1;1;;;1;8;;;1;1;3;2;;2;;8;;;1;
INDUMIX;4;;1;4;4;5;2;;6;7;2;1;1;5;4;2;3;2;;2;2;2;1;2;2;2;2;;6;1;1;2;3;4;3;2;2;2;3;3;7;;3;2;;;;;;;2;;2;;;1;;3;;;;;1;;;;2;;1;2;;2;3;2;;;1;;2;1;3;2;3;4;;1;1;1;5;1;7;2;2;2;3;3;3;;3;2;;1;1;;;;;1;1;1;;2;4;;;1;1;1;1;1;;;1;;;2;1;1;;;
MESAMI;;;;;3;;2;2;1;;1;;;;1;1;;2;;1;;;2;;2;1;1;;;29;4;2;;3;2;;1;1;1;4;2;3;2;5;;;1;;2;;1;1;2;1;1;1;1;3;1;1;;;2;;1;;1;3;3;4;2;2;5;3;4;;2;2;4;5;6;3;6;2;2;;;1;1;1;;1;1;1;1;;;3;3;2;1;1;1;;;1;1;2;1;1;;;1;1;1;1;;2;1;1;;;;;;;;;;1;
RUTERA;3;2;2;3;1;;1;4;1;3;3;2;2;1;3;7;6;1;4;1;4;2;2;3;2;;4;2;4;1;3;3;6;2;8;5;1;1;2;6;3;3;2;3;1;;1;1;4;;6;1;1;1;1;2;1;3;2;1;;3;1;;1;2;;;;5;1;2;;1;;;1;1;4;2;2;3;2;;;;3;1;1;1;2;;;1;;;;;;;;;;;;;;;;;;;;;;;;;;;;;;;;1;;;;;
TORREGGIANI;1;;3;12;8;3;8;2;;;2;2;;9;3;;;1;1;;;;;;3;;6;;1;;;2;2;;;1;;;;;;2;2;2;;1;1;4;2;3;;2;2;;;1;1;2;2;1;;1;3;1;1;;;2;1;;;;4;2;4;2;;1;;;1;1;2;1;;;;2;;1;1;1;4;4;1;3;1;;;;;2;;;;;1;;;1;1;3;2;;2;;2;2;;3;1;;6;1;1;3;3;3;3;4;1
VOLKSWAGEN/COMIL;;;;;;;;;;;1;5;2;15;19;6;11;2;8;18;4;5;3;35;4;2;6;7;8;;;;3;10;8;2;1;;;;;;;;;;;;;;;;;;1;;;;;;2;;;;;;;;;;;;;;;;;;;;;;;;;;;;;;;;;;;;;;;;;;;;;;;;;;;;;;;;;;;;;;;;;;;;;;
BYD;;;;;;;;;;;;;;;;;;;;;;;;;;;;;;;;;;;;;;;;;;;;;;;;;;;;;;;;;;;;;;;;;;;;;;;;;;;;;;;;;1;11;;;;;;;;;;;;;;;;;;;;;;;;;;;;;;;;;;;;;;;;;;;;;;;18;124;33
HIZA TRAILERS;;;;;;;;;;;;;;;;;;;;;;;;;;;;;;;;;;;;;;;;;;;;;;;;;;;;;;;;;;;;;;;;;;;;;;;;;;;;;;;;;;;;;;;;;;;;;;;;4;12;7;7;2;3;4;;2;4;5;5;6;6;5;1;1;3;3;1;10;5;7;10;2;12;2;4;7;10;6;3;3;7;7;1
IDEROL;;;;;;;;;;;;;;;;;;;;;;;;;;;;;;;;;;;;;;;;;;;;;;;;;;;;;;;;;;;;;;;;;;;;;;;;;;;;;;;;;;;;;;;;;;;;;;;;;;;;;1;6;5;5;3;1;6;1;4;2;1;1;6;7;13;12;21;8;2;3;7;5;8;7;2;3;9;11;10;4;3
BULL TRAILER;;;;;;;;;;;;;;;;;;;;;;;;;;;;;;;;;;;;;;;;;;;;;;;;;;;;;;;;;;;;;;;;;;;;;;;;;;2;;;;;;1;6;4;1;;1;2;3;3;2;2;;6;4;;4;3;5;2;3;;8;9;9;6;2;5;2;4;5;5;;2;5;2;;14;3;8;2;4;9;;1;3;6;1;1;4;;1;
ACOPLANOA;;;;5;3;2;2;1;2;;;1;;2;2;;2;;1;1;4;;;;1;;1;4;2;7;3;3;5;3;2;;;1;4;;5;5;3;2;;;;;;1;1;1;1;2;3;;4;;;;;;1;;;3;5;;;3;1;;;3;4;;2;3;2;;2;1;;2;2;;3;2;1;3;;;;;3;;1;;1;;5;4;;;;;;;1;2;;;;;1;1;3;;;;;;1;1;6;1;3;3;1;;
ASTRA;;;;;;;;;;;;;;;;;;;;;;;;;;;;;;;;;;1;2;1;4;;;1;4;5;9;12;1;4;;3;;;;;;;;2;;;;;;;;;;;;;;2;;2;;2;;;;;1;1;;;;2;1;;;;3;;;;;;;4;7;;8;7;5;9;2;;13;;;;;1;;15;;;;13;;;;;;;;;;10;;;1;1;
VOLVO/MARCOPOLO;2;;;;;;;;;;;;;;;;;;1;8;1;7;3;6;13;1;;;1;7;7;3;;;;;5;5;2;;;;3;2;5;1;;1;4;;;5;1;;;2;;2;1;;5;1;;;;;;;;;;;;;2;4;;;;;;1;;;28;;;;;;;;;;;;;;;;;;;;;;;;;;;;;;;;;;;;10;;;;;;;;;;1
FXV;;;;;;;;;;;;;;;;;;10;;;;;;;;;5;;;2;3;3;3;11;6;1;;5;5;6;6;6;1;6;;;2;2;2;;2;2;;;;;;;;;;;;;;;;;;;;;;;;;;;;;;;;;;;;;;;;;;;;;;;;;;;;6;;;;;;;;;;;;;;;;;;12;;18;;;;10;15;;
METALURGICA ALEM;3;1;;2;;3;3;1;3;4;1;1;5;4;2;;2;;2;1;3;2;2;2;5;1;5;3;1;1;3;1;3;2;3;;3;;2;2;;2;1;;1;;2;;;;;1;;;;;;;;;;;;;;;1;;1;;;1;;;4;;5;1;;1;1;2;;2;;;1;;2;;5;4;;;;;3;1;1;;;;;4;1;3;;;;;;;;;;3;;;;;;4;1;1;3;;1;2;;1;
KAMA;;;;;;;;;;;;;;;;;;;;;;;;;;;;;;;;;;;;;;;;;;;;;;;;;;;;;;;;;;;;;;;;;;;;;;;;;;;;;;;;;;;;;;;;;;;;;;;;;;;;;;;;;;;;;;;1;2;2;3;7;4;6;6;4;5;8;15;18;13;9;5;2;4;5;24;2
COQUITO;2;;;4;3;6;3;1;7;;;2;;1;1;1;2;6;3;4;1;1;2;;;1;2;1;10;4;4;4;1;4;2;1;;1;2;3;9;4;5;1;;;1;;1;1;1;2;1;1;2;1;1;;;1;1;;;;1;;;1;1;;;;2;2;3;1;1;2;;;2;;;;1;;1;1;;1;;;;;;;;;;;;;;;1;;;;;;;;;;;;;;;;;;;;;;;;;;
LEO-COR;;1;1;1;2;1;1;;1;;;2;3;1;2;;;3;;;;;;1;;;;1;;2;2;;2;2;;;1;;;;;;2;;1;2;;;;;;1;1;;;;1;1;1;1;5;;;;2;1;;2;;2;;1;5;2;;4;1;;1;2;1;2;4;4;;1;3;;1;;4;5;3;;;1;4;1;;1;1;1;3;1;1;1;1;1;2;2;1;1;1;;;;1;3;;2;1;;1;2;1;;;1;1;2;
SANY;;;;;;;;;;1;2;2;1;;;;;1;;;1;2;;1;;;1;;;;;;1;;;;;1;1;1;1;;;1;;1;;1;1;;1;;;1;1;1;;;2;1;;;;2;;1;;2;;1;1;;1;;;3;1;;1;2;2;;1;3;2;2;1;1;5;2;1;1;2;1;3;1;2;3;3;;1;1;;3;;1;1;3;;1;;;;2;3;;2;2;2;2;4;6;1;2;6;1;1;3;1;5;
DIMATRA;1;;1;1;;;;;;;3;;;;1;;;1;;;;;1;;;1;2;1;;5;1;2;7;4;6;3;4;1;6;10;4;5;6;2;6;;1;;2;;;1;2;;;3;;2;;;;;;;;1;;;;1;1;;1;1;1;1;;1;;;;;2;;1;;1;;1;2;1;1;1;1;;;;;;;;;;;2;;;;1;;;;;;;;;1;;1;;1;;3;1;1;1;1;1;1;
DE PAOLI;1;7;;10;5;1;4;6;;;1;5;;2;;;4;1;;1;4;1;3;1;2;;;;2;1;;1;;;;;;2;1;;;;1;;;3;2;;;;1;;2;;;;1;;1;1;;2;;;;;;1;;1;;;1;2;;1;1;;;3;2;1;;;;1;1;1;1;1;1;5;3;4;;;;;1;4;;;;;4;1;2;2;;;;;;;1;;;;;;;;;;;;;;;;
MONTEBRAS;2;4;3;5;1;2;4;3;5;2;2;3;3;3;1;;4;2;;2;;5;5;4;2;1;3;1;2;2;3;2;1;5;1;2;3;;5;;1;1;;1;;1;3;;1;;;2;;1;;;2;1;;;1;;;;;;;;1;;;;;;1;2;;1;;;;;2;;;;;;;;;;;;;;;;;;;;;;;;;;;;;;;;;;;;;;;;;;;;;;;;
FAW;;;;;;;;;;;;;;;;;;;;;;;;;;;;;;;;;;;;;;;;;;;;;;;;;;;;;;;;;1;;;;;;;;;1;;;;;;;;;;;1;;;;;;2;2;7;3;3;2;;2;5;3;2;;1;2;1;3;1;;3;5;2;2;1;1;3;8;3;1;4;4;6;2;14;6;2;;;;1;;;1;;1;;1;1;;
JAGUAR;;1;;3;;;;;;;;;;;;;;1;;1;3;1;;1;2;1;;3;1;3;7;2;6;4;1;2;7;6;3;1;2;4;3;4;1;;2;3;2;1;4;;1;2;1;;3;1;;2;;;;;1;1;2;2;;1;1;;;;;;;;1;1;;2;1;1;;;2;;;;;;;;;;;;;;;;;;;;;;;;;;;;;;;;;;;;;;;;;;;;
SCANIA/COMIL;2;;1;;;;;;3;2;1;;15;1;;;;;1;2;4;8;4;4;24;2;3;;1;8;7;2;3;1;;;2;;;;;;;;2;1;;;4;;;;;;;;;;;;;;;;;;;;;;;;;;;;;;;;;;;;;;;;;;;;;;;;;;;;;;;;;;;;;;;;;;;;;;;;;;;;;;;;;;
OTROS;;;;;3;;;;;;;;;;;;;;;;;;;;;;;;;;;;;;;;;;;;;;;;;;;;;;;;;;;;;;;;;;10;;;;;6;6;1;4;;;;;;;;;;;;;;;;;;;;;;;;;;3;15;6;2;6;5;4;7;2;1;5;1;2;;1;1;1;2;1;;;;;;2;1;1;2;2;1;1;;;2;
MG;;;;;;;;;;;;;;;;;;;;;;;;;;;;;;;;;;;;;;;;;;;;;;;;;;;;;;;;;;;;;;;;;;;;;;;1;;;;;;;;;;;;;;;;;;;;;;;;;;;;;;;;;;;;;;;;;;;;;;;;;;;;;;;;;;;96;9
MB TRAILERS;;;;;;;;;;;;;;;;;;;;;;;;;;;;;;;;;;;;;;;;;;;;;;;;;;;;;;;;;;;;;;;;;;;;;;;;;;;;;;;;;;;;;;;;;;;;;;;;;;;;;;;;6;3;1;4;4;4;;6;2;3;1;5;3;2;4;2;5;8;3;6;3;5;3;1;2;5;9;2
VOLKSWAGEN/CAIO;;;;;;;;;;;;;;;;;;;;;;;;;;;;;;;;;;;;11;42;15;;;11;3;11;3;;4;;;;;;;;;;;;;;;;;;;;;;;;;;;;;;;;;;;;;;;;;;;;;;;;;;;;;;;;;;;;;;;;;;;;;;;;;;;;;;;;;;;;;
GRUAS SAN BLAS;2;5;1;1;1;;3;5;4;;4;1;1;;1;1;2;1;;2;1;1;3;1;1;3;1;;;2;1;2;;;;3;1;1;;4;6;;;1;3;;;4;;1;;2;;;;;1;;;;;;;;1;;;;1;;1;;;2;;2;;;;;;;;2;;;;;;;2;1;1;;1;;;;;;;;;;;;;;;;;;;;;;;;;;;;;;;;;1;;;
ITATI;;;;;;;;;;;;;;;;;;;;;;;;;;;;;;;;;;;;;;;;;;;;;;;;;;;;;;;;;;;;;;;;;;;;;;;;;;;;;;;;;;;;4;7;6;2;1;4;1;3;5;2;3;2;4;6;3;1;2;2;5;2;3;3;2;1;2;2;;;1;3;;;;;;1;2;1;2;1;;2;;;;1;1;
MILEI;;1;3;7;9;;5;;6;1;12;4;2;;1;8;1;1;1;1;;1;;;;1;;;;1;;;;;1;;;;;1;;1;;2;;;;;;;;;;;;;;;;1;;;1;;;;;;;2;;1;;;1;;;;;2;;;;2;;1;;;1;;;;1;;;;;;1;1;;1;;;;;;;;;;;2;;2;;;;;1;1;;;;;;;;;;
CARBALLIDO;;;;;;;;;;;;;1;;;1;1;;;;;;;;1;;2;;4;1;1;2;;;1;1;2;1;2;3;;2;1;1;2;1;;;;;;;;;1;;;2;;;1;;;2;;;;4;1;5;2;2;1;;3;;;;1;;3;6;1;1;1;2;2;3;1;3;1;;;;;;;;3;;;;;;;;;;;;1;;;1;;;;;1;;1;;;1;;1;;;1;1;
SHACMAN;;;;;;;;;;;;;;;;;;;;;;;;;;;;;;;;;;;;;;;;;;;;;;;;;;;;;;;;;;;;;;;;;;;;;;;;;;;;;;;;;;;;;;;;;;;;;;;;;;;;;;;;;;;;;;;;;;;;;;1;;3;3;10;4;7;12;10;5;9;12;10;2
CHRYSLER;5;3;2;3;2;4;1;;3;3;;3;1;;;2;;1;3;1;1;2;5;1;2;1;2;1;1;2;1;3;2;2;3;4;2;1;1;2;2;;;1;;1;1;1;;1;;1;;;1;;;;;;;;;;;;;;;;;;;;;;;;;;;;;;;;;;;;;;;;;;;;;;;;;;;;;;;;;;1;;;;;;;;;;;;;;;;;;
INDU METAL TRAILERS;;;;;;;;;;;;;;;;;;;;;;;;;;;;;;;;;;;;;;;;;;;;;;;;;;;;;;;;;;;;;;;;;;;;;;;;;;;;;;;;;;;;;;;;;;;;;;;;;;;;;;;3;;2;4;1;7;;1;3;1;4;1;3;4;3;1;7;3;3;2;2;6;4;4;4;4;3;3;3
ACOPLAR;2;2;2;2;4;3;2;4;4;4;1;1;3;2;4;5;4;3;1;6;5;1;15;2;;;2;;;;;;;;;;;;;;;;;;;;;;;;;;;;;;;;;;;;;;;;;;;;;;;;;;;;;;;;;;;;;;;;;;;;;;;;;;;;;;;;;;;;;;;;;;;;;;;;;;;;;;;;
PETINARI;8;3;2;1;;1;1;2;;1;;;1;;;;;;;;;;1;;;;;;;;;;2;3;2;2;1;;4;2;2;2;2;1;;2;3;1;;;1;;;;1;;2;;;;;1;;;;;;;;;;;;;;1;;1;;;1;1;;1;1;1;;1;;2;1;;;1;;1;2;1;1;;1;;2;1;;;;1;1;1;;1;2;;;;;;;;;;;;;;;;;;
BEMFRA;2;;1;1;;;2;1;3;2;;;;1;;;;;;;;;;;;;;1;;;;;;2;;;;;1;2;;;;1;;;;;15;;;;1;;;;;;3;;;;;;;2;;;;;;4;;;;;;;;;;;;;;;;;;;;;20;;;;;;;;;;;;;8;2;;;;5;;;;;;;;;;;;;;;;;;;;
MERTZ;2;;;;;1;10;;2;;3;1;1;2;;;4;;1;;2;;4;;1;;;;;;;;;;;;;;;;;;1;;;;;;1;4;4;3;1;2;9;2;;1;;;;;;;;2;;3;1;2;1;;1;;;1;;;;;;;;;;;;;;;;;;;;;;;;;;;;;;;;;;;;;;;1;;;;;;;;;;1;1;2;;;1;
CARRETONES DANIEL BRITO;;;;;3;;;2;1;2;1;1;;1;1;;;;1;;1;;;;;3;;1;;;;;3;1;;;2;;;;;;;;3;;1;;1;;1;2;;;;1;1;1;;;1;;;;;;1;;;;;;;1;;;;;1;1;;;;;1;1;;;;;;1;1;1;;1;1;3;;2;;;2;2;;1;2;;;1;1;;;1;1;1;1;1;;;1;1;1;1;;1;1;;3;2;
TRENQUEMOLQUE;4;3;;3;2;4;;;1;;1;2;;1;1;;4;2;1;2;1;2;4;2;;2;1;3;;1;2;;3;3;7;2;4;1;2;1;3;;;;;;;;;;;;;;;;;;;;;;;;;;;;;;;;;;;;;;;;;;;;;;;;;;;;;;;;;;;;;;;;;;;;;;;;;;;;;;;;;;;;;;;;;;
EMIKEL;;;;;;;;;;;;;;;;;;;;;;;;;;;;;;;;;;;;;;;;;;;;;;;;;;;;;;;;;;;;;;;;;;;;;;;;1;;;;;;;;;;;;;;;;;;5;5;2;2;1;6;2;7;2;3;2;2;1;;2;2;;1;;2;1;;1;;1;;1;;2;3;3;;1;;;1;1;2;1;5;3;
IDERO;;;;;;;;;;;;;;;;;;;;;;;;;;;;;;;;;;;;;;;;;;;;;;;;;;;;;;;;;;;;;;;;;;;;;;;;;;;;;;;;;;;;;;;;;;;;;;;;;;;;;;;;;;;;;;;;;;;;4;1;2;;3;2;1;2;7;3;11;4;8;10;14;2
XCMG;;1;;2;;;;1;;2;;2;;1;;;;;;1;1;;;1;;1;;;;;1;;;;;;;;1;;;;1;;;;;;;2;;1;;;;;1;;;;;;;;;;;;;;;;;;;;;;;1;;;;;;;;2;;;;1;;;;;1;1;1;1;1;2;2;;1;;2;4;2;1;;;1;1;3;1;;6;1;;1;1;;2;3;4;1;3;3;;
AA ASTARSA;;;;;;;;;;;;;;;;;;;;;;;;;;;;;;;;;;;;;;;;;;;;;;;;;;;;;;;;;;;;;;;;;;;;;;;;;;;;;;;;;;;;;;;;;;;;;;;;;;;1;;;6;2;;3;1;9;9;;1;;;2;;;;2;1;;1;;;10;;;1;2;15;1;1;
GOTITAS RODANTES;;;;;;;;;;;;;;;;;;;;;;;;;;;;;;;;;;;;;;;;;;;;;;;;;;;;;;;;;;;;;;;;;;;;;;;;;;;;;;;;;;;;;;;;;;;1;9;6;5;7;4;3;1;1;5;2;2;3;2;2;3;1;5;;;;;;;;;;1;;;1;1;;;;1;;1;1;;
VOLVO/COMIL;3;1;;1;;;;;;;;;2;;;;;;;4;;2;;4;2;1;;1;;5;8;;;10;5;;3;;10;;;;1;;;1;;;1;;;;;;;;;;;;;;;;;;;;;;;;;;;;;;;;;;;;;;;;;;;;;;;;;;;;;;;;;;;;;;;;;;;;;;;;;;;;;;;;;;
FRUSSO;1;;;1;2;2;;;1;;;;;;;;;;1;2;3;;1;;;2;;;1;1;;2;1;1;;;;1;;;;;1;;;;;;;;;;;;;;;1;;;1;;1;;;1;1;1;;;1;;1;;1;1;2;1;1;;1;1;2;;;;1;;1;;;1;;;1;;1;1;;;2;;1;1;;;;;;1;;;;1;;2;1;;;;2;;;;1;1;2;;;1;
BIANCHI;;;1;2;1;1;1;1;1;1;;;;2;3;2;;;;;1;;5;1;;;;;;3;3;1;1;5;;;;3;;;2;1;;;;;;;1;;;;1;;;;;;2;;;;2;;;;;;;1;;;1;;;;;1;;;;1;1;;;;2;;;;;2;;;;;;;;1;;;;;;;;;;;;1;;;;;;;;;;;;;;;2;;2;;
SERO;;;;;;;;;;;;;;;;;;;;;;;;;;;;;;;;;;;;;;;;;;;;;;;;;;;;;;;;;3;;1;;1;;;;;;4;1;1;;;;;;1;2;;1;1;;;2;3;;2;;;;;;1;;2;4;;3;2;1;3;1;;;5;1;1;2;;;;1;;;;1;;;1;1;;1;1;;2;1;3;;;;;;2
TORRESI;1;;;3;1;1;1;2;4;4;;;2;1;4;1;1;1;;1;1;1;3;2;;1;1;2;1;;6;2;4;1;2;2;2;;;;1;;;1;;;1;;;;;;;;;;;;;;;;;;;;;;;;;;;;;;;;;;;;;;;;;;;;;;;;;;;;;;;;;;;;;;;;;;;;;;;;;;;;;;;;;;;;
METALURGICA HERRERA;;;;;;;;;;;;;;;;;;;;;;;;;;;;;;;;;1;;;;;;1;2;3;5;1;3;6;3;4;;2;3;2;2;1;;2;2;1;;;;;1;1;;;1;1;1;1;1;1;;1;;;;;;;1;1;;;;1;;;;;;;;1;;;;;;;;;;;;;;;;;;;;;;;;;;;;;;;;;;;;;;
DONGFENG;;;;;;;;;;;;;;;;;;;;;;;;;;;;;;;;;;;;;;;;;;;;;;;;;1;1;;;1;;1;;;;;;5;1;;;;;;;;1;;1;;;;;;;;;;;;;;;;;;;;1;;1;;;;;;;;;;;;;1;1;;;;;;;;;;1;;;;;;;;;;;9;21;9
DPA INOX METALURGICA;;;;;;;;;;;;;;;;;;;;;;;;;;;;;;;;;;;;;;;;;;;;;;;;;;;;;;;;;;;;;;;;;;;;;;;;;;;;;;;;;;;;;;;1;3;4;3;2;3;2;1;;3;2;1;1;1;;1;4;;1;1;;;1;1;;;4;1;;;1;;;;1;1;1;1;4;;1;1;1;3;
DIMATAN;1;;;1;2;1;;;2;;1;1;;;;;1;;;2;;;1;;;;;1;;;;;1;;;;;;1;;1;;;2;;;;;;1;;;;;;;;1;;;;;;;;;;;;;;;;;;;;;;;;;;;;;;;1;1;1;1;1;;1;1;;;;;;1;1;2;1;;;;1;;;1;3;2;1;;2;;;;;2;;1;2;;;1;2;;
KALYN/SIEBERT;1;;2;1;1;3;;;;;;;;;;;;;4;2;;;;1;;;;;;7;;;;4;;;;;;;2;;;12;;6;4;;;;;;;;;;;;;;;;;;;;;;;;;;;;;;;;;;;;;;;;;;;;;;;;;;;;;;;;;;;;;;;;;;;;;;;;;;;;;;;;;;;;
SINOTRUK;;;;;;;;;;;;;;;;;;;;;;;;;;;;;;;;;;;;;;;;;;;;;;;;;;;;;;;;;;;;;;1;;;;;;;;;;;;2;;;;;;;1;;;2;;;;;;;2;2;1;;2;1;1;3;3;;;1;;3;2;5;4;2;2;;3;1;2;;1;1;;;;;;;;;;;;;;;
GALLO;1;1;;1;1;;;1;1;1;;;;1;1;1;;;;;;3;1;;;1;;;;1;1;;;;;;;1;1;;;;;1;;;1;;;;;;;;1;1;;;1;;2;;1;;1;1;1;2;;;1;;1;;1;1;;;;2;1;;;;2;;;;;1;;1;;;;;;;;;;1;;1;1;;;;;;;;;;;;;;;;;;;;;;;;;;
GOLDHOFER;;;2;;;;;;;;;;;;;;;;;;;3;;;;;;;;;;;;;6;5;1;7;;;;;;;;;5;;;;;;5;;;;;;;;;;;;;;;;;;;;;;;;;;;;;;;;;;;;;;;;;;;;;;;;;;;;;;;4;;;;;;;4;;;;;;;3;;;;;;;;;
DARWIN;;;1;;1;2;2;1;1;1;2;1;;;;;;1;;;2;1;2;;1;1;;1;;;;3;1;3;;;2;1;3;2;1;;;1;1;2;;;;1;;;;;;;;;;;;;;;;;;;;;;;;;;;;;;;;;;;;;;;;;;;;;;;;;;;;;;;;;;;;;;;;;;;;;;;;;;;;;;;;;
MARISOL;;;;;;;;;;;;;;;;;;;;;;;;;;;;;;;;;;;;;;;;;;;;;;;;;;;;;;;;;;;;;;;;;;;;;2;;1;;;;;;;;;;4;6;1;;;;;;;;1;;1;;;1;;;;;;;;;;;;;;;;;;1;3;;2;1;2;3;2;4;1;;;;;1;;4;
FERRARI;1;;;1;;;;;;;;1;;;;;;;;1;;;;;;;;;1;;;;;1;2;;;;2;;;1;;;;;;1;2;1;;;;;;1;;;;2;1;;1;;;;1;;;;;;;;;;;;;;;2;;;;;1;;;;;;;;;;;;;;;;;;;1;;;;;;1;;;2;;;;;;;2;1;;3;;2;;;;1
PONY;19;1;1;;;6;1;;;;;1;;;;;;;;1;;;;;;1;2;;;;;2;;;;;2;;;;;;;;;;;;;;;;;;;;;;;;;;;;;;;;;;;;;;;;;;;;;;;;;;;;;;;;;;;;;;;;;;;;;;;;;;;;;;;;;;;;;;;;;;;;;;
DAWI;;1;;;1;;1;;;2;;;;;;;;;1;1;;1;;1;;;;;1;;;;;;;;;;;;;1;;;;;;;;;;;;;;;;;;;;3;;;;;;;1;;;;;;1;;;;;;;;;;;;;;;;;;;1;2;;;;;;;;;;;;1;;1;;;1;;;;;1;;1;1;;;;1;1;1;1;;2;4;1
VOLVO/BUSSCAR;;;;;;;;;;;;;;;;;;;;;;;;;;;;;;;;;;;;;;;;;;;;;;;;;;;;;;;;;;;;;;;;;;;;;;;;;;;;;;;;;;;;;;;;;;;;;;;;;;;;;;;;;;;;;;;;;;;;;;;;;1;12;2;3;6;;5;5;;;1
MASERATI;;1;;;;;;;;;;;;;;;;;;;;;;;;;;;;;;;;1;;3;1;;;;;1;2;;;1;1;1;1;3;1;1;;;;1;1;1;1;1;;;;;;1;;1;1;;2;1;;;2;;1;;;;;1;1;;;;;;;;;;;;;;;;;;;;;;;;;;;;;;;;;;;;;;;;;;;;;;;;
GUAJARDO Y LINARES;3;;3;1;;;;;;;;3;;;;2;2;1;1;;3;;;;;;1;;1;;1;;2;3;3;;1;;;;1;1;;;;;;;;;;;;;;;;;;;;;;;;;;;;;;;;;;;;;;;;;;;;;;;;;;;;;;;;;;;;;;;;;;;;;;;;;;;;;;;;;;;;;;;;;
TRAIMAX;;;1;;;;;;;;;;;;;;;;;;;;;;;;;;;;;;;;;;;;;;;;;;;;;;1;;4;1;2;1;;;;;;;;;;;2;;;;;;;;;3;;;;;;;3;;;1;1;;;;;2;2;;;;1;2;;;;;;;;;;2;;;;;;3;;;;;;;1;;;;;;;;;;;;
KAIYI;;;;;;;;;;;;;;;;;;;;;;;;;;;;;;;;;;;;;;;;;;;;;;;;;;;;;;;;;;;;;;;;;;;;;;;;;;;;;;;;;;;;;;;;;;;;;;;;;;;;;;;;;;;;;;;;;;1;;;;;;;;1;;2;1;1;6;7;8;3;2
RHAPSODY;;;;;;;;;;;;;;;;;;;;;;;;;;;;;;;;;;;;;;;;;;;;;;;;;;;;;;;;;;;;;;;;;;;;;;;;;;;;;;;;;;;;;;;;;;;;;;;;;;;;;;;;;;;1;2;1;3;;1;2;;;1;3;3;2;1;;1;3;1;;1;2;1;2;1;
SCHELL;3;;;;1;;1;2;2;;;;;1;3;;;;;;3;;;;;;;;;2;;;;;;;;;;;1;;1;;1;;;;;1;;;;1;;;;;;;;2;;;;;;;;;;;;1;;;;;;;;;;;;;;1;;;;;;;;;1;;;;;1;;;;;;;;;;1;;;;;;;;;;;1;;;1;;;;;
LOMAC;2;1;4;2;7;5;1;2;2;1;3;;;;;;1;;;;;;;;;;;;;;;;;;;;;;;;;;;;;;;;;;;;;;;;;;;;;;;;;;;;;;;;;;;;;;;;;;;;;;;;;;;;;;;;;;;;;;;;;;;;;;;;;;;;;;;;;;;;;;;;;;
STRUPENI;;;;;;;;;;;;;;;;;;;;;;;;;;;;;;;;;;;;;;;;;;;;;;;;;;;;1;;;;1;;;;1;2;;;;1;;;1;;2;2;;2;1;;;;;1;1;;;;;2;;;;1;;;;;;;;;;;1;;1;1;;;1;;;;;;;;;;;1;;;;1;;;;2;;2;1;;1;
PUMA DE TAT;;;;;;;;;1;;;;;;;;;;;;;;;;8;9;;;2;;1;;;;;8;;;;;;;;;;;;;;;;;;;;;;;;;;;;;;;;;;;;;;;;;;;;;;;;;;;;;;;;;;;;;;;;;;;;;;;;;;;;;;;;;;;;;;;;;;;;;;;
SCANIA/MODASA;;;;;;;;;;;;;;;;;;;;;;;;;;;;;;;;;;;;;;;;;;;;;;;;;;;;;;;;;;;;;;;;;;;;;;;;;;;;;;;;;;;;;;;;;;;;;;;;;;;;;;;;;;;;;;;;;;;;;;;;;;;;;;;;;2;25;2
DOMY;;;;;;;;;;;;;;;;;;;;;;;;;;;;;;;;;;;;;;;;;;;;;;;;;2;;;;;;;;;;;;;;;;;;;;;;;;;;;;;;;;;;;;;;;;;;;;;;;;;;;;;;;;;;;;;;;;;;;;;;;;;;;;2;4;7;6;2;4;
LOMAS CAMPING;;;;;;;;;;;;;;;;;;;;;;;;;;;;;;;;;;;;;;;;;;;;;;;;;;;;;;;;;;;;;;;;;;;;;;;;;;;;;;;;;;;;;;;;;;;;;;;;;;;;;;;;;;;;;;;;;;;;;;;;;;;;;3;2;6;4;4;6;2
TRAILERS GALLO;;;;;;;;;;;;;;;;;;;;;;;;;;;;;;;;;;;;;;;;;;;;;;;;;;;;;;;;;;;;;;;;;;;;;;;;;;;;;;;;;;;;;;;;;;;;;;;;;;;;;;;;;;;;;;;;;2;;1;3;1;1;2;1;3;1;;1;3;4;1;1;;1;
REMOLQUES PAMPA;;;;;;1;1;2;;;1;1;1;1;;;;;;;;;;;1;;;;;1;1;;2;;2;;;;;;;;;;;;;;;;;;;;;;;1;;;;;;;;;;;;2;1;;;;;1;;1;;1;;;;;;;;;;;;;1;;;;;;;1;;;;;1;;;;;;;;;;;;;;;;;;;;;;;;;;
ZOOMLION;;;;;;3;;;;;1;;1;;;;;;1;;;;;1;1;;;;;;1;;;;;;;1;;;;;;;;;;;;;;;;;;;;;;;;;;;;;;;;;;;;;;;1;;;;;;;;1;;;1;1;1;;;;;;;;;;;;;1;2;;;1;;1;;;1;;1;;;1;;1;1;;;;;;;;;;;
RAMI;;;;;;;;;;;;;;;;;;;;;;;;;;;;;;;;;;;;;;;;;;;;;;;;;;;;;;;;;;;;;;;;;;;;;;;;;;;;;;;;;;;;;;;;;;;;;;;;;;;;;;;;;;;;;;;;;;;;;;;;;2;3;3;2;4;3;;;;4;
FRATELLO;1;;;;;1;;;;2;;2;1;;;;;;;;1;;;;;;;;;;3;1;;4;;;;;;;;;;;1;;2;;;;;;1;;;;;;;;;;;;;;;;;;;;;;;;;;;;;;;;;;;;;;;;;;;;;;;;;;;;;;;;;;;;;;;;;;;;;;;;;;;;;;
INGENMET;;;;;1;;;;;;;;2;;;;;;;;1;;;;;;;;;;1;2;1;;;1;1;;;;;;;;;;;;;1;;;;;;;;;;;;;;;;;;;;1;;;;;;;;;1;;;1;;1;;;;;1;;1;;;;;;;;1;;;;;;1;;;;;;;;;;;1;;;;;;;;;;;;;;;
M.VIGNA;;;;;;;;;;;;;;;;;;;;;;;;;;;;;;;;;;;;;;;;;;;;;;;;;;;;;;;;;;;;;;;;;;;;;;;;;;;;;;;;;;;;;;;;;;;;;;;;;;;;;;2;11;;6;;;;;;;;;;;;;;;;;;;;;;;;;1;
MACK;3;2;;;2;4;;;;;;;1;1;2;;;;;;1;;;;;2;;;;;;;;;;;;;;;;;;;;;;;;;;;;;;;;;;;;;;;;;;;;;;;;;;;;;;;;;;;;;;;;;;;;;;;;;;;;;;;;;;;;;;;;;;;;;;;;;;;;2;;;;;
MAN;;;;;;;;;;;;;;;;;;;;;;;;;1;;;;;;;;;;1;;;;;;;;1;;;;;;;1;;;;;1;4;;1;1;;;1;;;;;;;1;;;1;;;;;;;;;;;;;;;;;1;;2;;;;;;;;1;;;;;;;;;;;;;;;;;;;1;;;;;;1;;;;;;;
EQUIPAMIENTOS VDU;;;;;;;;;;;;;;;;;;;;;;;;;;;;;;;;;;;;;;;;;;;;;;;;;;;;;;;;;;;;;;;;;;;;;;;;;;;;;;;;;;;;;;;1;;;;;;;1;3;;1;;;;1;1;;;;;;;3;;;1;;;;;1;;;2;;;;1;1;;;;;2;
GUERRA;;;;;;;;;;;;;;;;;;;;;;;;;;;;;;;;;;;;;;;;;;;;;;;;;;;;;;;;;;;;;;;;;;;;;;;;;;;;;;;;;;;;;;;;;;;;;;;;;;;;;;;;;;;;;;;;;;;;;;;;;;;;;;;;3;7;6;2
HEEVEL;;;;;;;;;;;;;;;;;;;;;;;;;;;;;;;;;;;;;;;;;;;;;;;;;;;;;;;;;;;;;;;;;;;;;;;;;;;;;;;;;;;;;;;;;;;;;;;;;;;;;;;;;;;;;;;;;;6;2;1;2;1;1;2;;;1;;1;1;;;;;
FERTEC;;;;;;;;;;;;;;;;;;;;;;;;;;;;;;;;;;;;;;;;;;;;;;;;;;;;;;;;;;;;;;;1;;;;;;;;1;;1;;1;;;;;1;1;;2;;;2;;;;1;;2;;;1;;;;;;;;;;;;;1;;;;1;;;;;;;;;1;;;;;;;;;;
AGRALE/COMIL;;3;;;1;1;;;;;;;;;;;1;;;;;;;;;;;;;;;;;;;;;;;;;;;;;;;;;;;;1;;2;;1;;;;;;;;;;;;1;;;1;1;3;;;;;;;;;;;;;;;;;;;;;;;;;;;;;;;;;;;;;;;;;;;;;;;;;;;;;;;;;
KENWORTH;2;1;;1;;;3;;1;;1;;;2;;;;;;;;;;;;;;;;;;;;;;;;;;;;;;;;;;;;;;;;;;;1;;;;;;;;;;;1;;;;;;;1;;;;;;;;;;;;;;;;;;;;;;;;;;;;;;;;;;;;;;;;;1;;1;;;;;;;;;;;;;
KOMATSU;;;;;;;;;1;;;;;;;;;;;;;;;;;;;;;;;;;;4;;;;;;;;;;;;;;;;;;;;5;1;;;;;;;;;;;;;;;;;;;;;;;;1;3;;;;;;;;;;;;;;;;;;;;;;;;;;;;;;;;;;;;;;;;;;;;;;;;;;
M DE 9;;;;;;;;;;;;;;;;;;;;;;;;;;;;;;;;;2;;;;;;;;;;;;;;;;;;;;;;;;;;;;;;;;;;;;;;;;;;;;;;;3;;;;;;;;;;;;;;;3;2;;4;;;;;;;;;;;;;;;;;;;;;;;;;;;;1;;;;;
MERCEDES BENZ/IRIZAR;;;;;;;;;;;;;;;;;;;;;;;;;;;;;;;;;;;;;;;;;;;;;;;;;;;;;;;;;;;;;2;;;;;;;;;;;;;;;;;;;;;;;;;;;;;;;;;;;;;;;;;;;;;;;;;;;;;;;;;;;;;;;;;;;;2;8;3
SCORZA;;;;;;;;;;;;;2;;;;;;;;;;;;1;;;;;;;;;;;;1;;;;;;;;;;;;;;;;;;;;;;;;;;;;;;;;;;;;;1;2;;;;;;;;;;;1;;1;;;1;;;;;;;2;;;;;;;1;;1;;;;;;;;;;;1;;;;;;;;;;;;;
ULTRANS;2;2;2;1;2;;;;1;;;1;;;;1;1;;;;2;;;;;;;;;;;;;;;;;;;;;;;;;;;;;;;;;;;;;;;;;;;;;;;;;;;;;;;;;;;;;;;;;;;;;;;;;;;;;;;;;;;;;;;;;;;;;;;;;;;;;;;;;;;;;;
FONIX;;;;;;;;;;;;;;;;;;;;;;;;;;;;;;;;;;;;;;;;;;;;;;;;;;;;;;;;;;;;;;;;;;;;;;;;;;1;;;;;;;;;;;;;;;;;;;;;;;;;;;;;;;1;;1;4;1;;;;;;;;;;;;;;1;;;2;1;;;2;
IC TRAILERS;;;;;;;;;;;;;;;;;;;;;;;;;;;;;;;;;;;;;;;;;;;;;;;;;;;;;;;;;;;;;;;;;;;;;;;;;;;;;;;;;;;;;;;;;;;;;;;;;;;;;;;;;;;;;;;;;;;;;;;;;;;2;2;;3;1;3;1;2;
LUIS IGLESIAS;1;1;;1;;;;;;;;;1;;;;1;;;;;1;;;;;;;1;;;;;;1;;;;;;2;;;;;;;;;;;1;;;;;;;;;;;;;;;;;;;;;;;;;;1;;1;;;;;1;;;;;;;;;;;;;;;;;;;;;;;;;;;;;;;;;;;;;;;;;;;;;;
YUTONG;;;;;;;;;;;;;;;;;;;;;;;;;;;;;;;;;;;;;;;;;;;;;;;;;;;;;2;;;;;;;;;;;;;;;;;;;;;;;;;;;;;;;;;;;;;;;;;;;;;;;;;;;;;;;;;;;;;;;;;;;1;;;;;;;;;1;10;
LIEBHERR;;;;;;1;;1;;;;;;;;;;;;;;1;;;;;;;;;;;;1;;;;;;;;;;;;;;;;;;1;;;1;;1;;;;;;;;;;;;;;1;1;;;;;1;;1;;;;;;;;;;;;;;;;;;;;;;;;;;;;;;;;;;;;;;;;;;;;1;;;1;;;;;
PLUSCARGA;2;;2;1;4;;1;1;;;2;;;;;;;;;;;;;;;;;;;;;;;;;;;;;;;;;;;;;;;;;;;;;;;;;;;;;;;;;;;;;;;;;;;;;;;;;;;;;;;;;;;;;;;;;;;;;;;;;;;;;;;;;;;;;;;;;;;;;;;;
COBRA MOTORSPORT ARGENTINA;;;;;;;;;;;;;;;;;;;;;;;;;;;;;;;;;;;;;;;;;;;;;;;;;;;;;;;;;;;;;;;;;;;;;;;;;;;;;;;;;;;;;;;;;;;;;;;;;;;;;;;;;2;3;;3;1;;2;;;;;;;;;;;;;;;;1;;;;
HIDRO-GRUBERT;;;;;;;;;;;;;;;;;;;;;;;;;;;;;;;;;;;;;;;;;;;;;;;;;;;;;;;;;;;;;;;;;;;;;;;;;;;;;;;;;;;;;;;;;;;;;;;;;;;;;;;;;;;;;;;;;1;;2;;1;1;;;;2;;;1;1;1;;1;;1
REMOCAR;1;;;;;;;;;;1;;;;;;;;;;;;1;;;;;;;;1;;;1;1;;;;;;;;;;1;;;;;;;;;;;;1;;;;;;;;;;;;;;;;;;;;;;;;;;1;;;;;;;;;;;;;;;1;;;;;;;;;;;;;;;;;;;;;;;;;;1;;;1;;;;
VOLT MOTORS;;;;;;;;;;;;;;;;;;;;;;;;;;;;;;;;;;;;;;;;;;;;;;;;;;;;;;;;;;;;;;;;;;;;;;;;;;;;;;;;;1;3;;;;;;;;;;;;;;;;1;;;;;;;;;;;;;;;;;;;1;;1;;1;1;;1;;1;;;;;1
ATOKA TRAILER & MFG;2;1;1;;2;;;;;;;2;;;;;;1;;;;;;1;;;;;;;;;;;;;;;;;;;;;;;;;;;;;;;;;;;;;;;;;;;;;;;;;;;;;1;;;;;;;;;;;;;;;;;;;;;;;;;;;;;;;;;;;;;;;;;;;;;;;;;;;;;;
CIBER;;;;;;;;;;;;;;;;;;3;1;;;;;;;;;;;;;;;2;;;;;;;;;1;;;;2;;;;;;;;;;;;;;;;;;;;;;;;;;;;;;;;;;;;;;;;;;;;;;;;;;;2;;;;;;;;;;;;;;;;;;;;;;;;;;;;;;;;;
DRAGON PRODUCTS;;;;;;;;;;;;;;;;;;;;;;;;;;;;;;;;;;;;;;;;;;;;;;;;;;;;;;3;;1;;;;;;1;;;;;;;;;;;;;;3;;;;;;;;;;;;;;;;;;;;;;;;;;;;;;;;;;;;;;;;;;;;;;;;1;1;;;;1;;
PETERBILT;1;1;1;4;1;;;;;;;;;;;;;;;;;;;;;;;;;;;;;;;2;;1;;;;;;;;;;;;;;;;;;;;;;;;;;;;;;;;;;;;;;;;;;;;;;;;;;;;;;;;;;;;;;;;;;;;;;;;;;;;;;;;;;;;;;;;;;;;;
T.M. MAZZEO;;;;;;;;;1;1;;;;2;;;;;;;2;2;;;;;;;;;;;;2;;;;;;;;;;;;;;;;;;;;;;;;;;;;;;;;;;;;;;;;;;;;;;;;;;;;;;;;;;;;;1;;;;;;;;;;;;;;;;;;;;;;;;;;;;;;;;;;;;
APPCO;;;;;1;;1;;2;;;;;;;;;;;1;;;1;1;;;;;;;;;;;;;;;;;1;;;2;;;;;;;;;;;;;;;;;;;;;;;;;;;;;;;;;;;;;;;;;;;;;;;;;;;;;;;;;;;;;;;;;;;;;;;;;;;;;;;;;;;;;;;
CARROCERIAS OSCARCITO;;;;;;;;;;1;;;;;;2;;;;;;;;;;;;;;;;3;2;;;;;;1;1;;;;;;;;;;;;;;;;;;;;;;;;;;;;;;;;;;;;;;;;;;;;;;;;;;;;;;;;;;;;;;;;;;;;;;;;;;;;;;;;;;;;;;;;;;;
CASAS RODANTES LEONES;;;;;;;;;;;;;;;;;;;;;;;;;;;;;;;;;;;;;;;;;;;;;;;;;;;;;;;;;;;;;;;;;;;;;;;;;;;;;;;;;;;;;;;;;;;;;;;;;;;;;;;;;;;;;;;;;;;;;3;;;;;1;1;1;;;1;1;;2;
JAYCOR RV CRUISER;;;;;;;;;;;;;;;;;;;;;;;;;;;;;;;;;;;;;;;;;;;;;;;;;;;;;;;;;;;;;;;;;;;;;;;;;;;;;;;;;;;;;;;;;;;;;;;;;;;;;;;;;;;;;;;;2;;1;1;;;;2;1;1;;;;;;;1;;1;
LOTUS;;;;;;;;;;;;;;;;;;;;;;;;;;;;;;;;;;;;;;;;1;;;;;;1;;;;;;;;;;;1;1;;;;1;;;;;;;;1;;;;;;;;;;;;;;;;;;;;;;;;;;;;;;;;;;;;1;;;;1;;;;;;;;;;;;;1;;;;;1;;;
SOUEAST;;;;;;;;;;;;;;;;;;;;;;;;;;;;;;;;;;;;;;;;;;;;;;;;;;;;;;;;;;;;;;;;;;;;1;;1;1;;;;;;;;;1;1;;;1;1;1;1;;;;;;;;;;;;;;1;;;;;;;;;;;;;;;;;;;;;;;;;;;;;;
AL TRAILERS;;;;;;;;;;;;;;;;;;;;;;;;;;;;;;;;;;;;;;;;;;;;;;;;;;;;;;;;;;;;;;;;;;;;;;;;;;;;;;;;;;;;;;;;;;;;;;;;;;;;;;;;;;;;;;;;;;;;;;;;;;;;;1;;1;1;3;3;
CM;;;;;;;;;;;;;;;;;;;;;;;;;;;;;;;;;;;;;;;;;;;;;;;;;;;;;;;;;;;;;;;;;;;;;;;;;;;;;;;;;;;;;;;;;;;;;;;;;4;3;1;1;;;;;;;;;;;;;;;;;;;;;;;;;;;;;;;
M Y M TRAILERS;;;;;;;;;;;;;;;;;;;;;;;;;;;;;;;;;;;;;;;;;;;;;;;;;;;;;;;;;;;;;;;;;;;;;;;;;;;;;;;;;;;;;;;;;;;;;;;;;;;;;;;;;;;;;;;;1;;;;;1;;3;;;;;;;1;1;;1;1;
NICCOLO;;;;;;;;;;;;;;;;;;;;;;;;;;;;;;;;;;;;;;;;;;;;;;;;;;;;;;;;;;;;;;;;;;;;;;;;;;;1;;;;;;;;;;;;1;1;;;;;;;3;;;;;;;;;;1;;;;;1;1;;;;;;;;;;;;;;;;;;;;
TITAN;;;;;;;;;;;;;;;;;;;;;;;;;;;;;;;;;;;;;;;;;;;;;;;;;4;;;;;;;;;;;2;;;;;;;;;2;;;;;;;;;;;;;;;;;;;;;;;;;;;;;;;;;;;;;;;;;;;;;;;;;;;;;;;;;;;;;1;
CATERPILLAR;;;;;3;2;;;;;;;3;;;;;;;;;;;;;;;;;;;;;;;;;;;;;;;;;;;;;;;;;;;;;;;;;;;;;;;;;;;;;;;;;;;;;;;;;;;;;;;;;;;;;;;;;;;;;;;;;;;;;;;;;;;;;;;;;;;;;;
EAGER BEAVER;;;;;;;;;;;;;;;;;;;;;;;;;2;;;;;;;;;;;;;;;;;;;;;;;;;1;;;;;;;;;;4;;;;;;;;;;;;;;;;;;;1;;;;;;;;;;;;;;;;;;;;;;;;;;;;;;;;;;;;;;;;;;;;;;;;;;;;
NOV ROLLIGON;;;;;;;;;;;;;;;;;;;;;;;;;;2;;;;;;;;;;;;;;;;;;;;;;;;;;;;;;;;;;;;;;;;;;;;;;;;;;;;;;;;;2;4;;;;;;;;;;;;;;;;;;;;;;;;;;;;;;;;;;;;;;;;;;;;;;;
SKYWELL;;;;;;;;;;;;;;;;;;;;;;;;;;;;;;;;;;;;;;;;;;;;;;;;;;;;;;;;;;;;;;;;;;;;;;;;;;;;;;;;;;;;;;;;;;;;;;;;;;;;;;;;1;;;;;;;1;;2;1;;1;;;;;2;;;;;;;;;;
SUPROTRAILER;;;;;;;;;;;;;;;;;;;;;;;;;;;;;;;;;;;;;;;;;;;;;;;;;;;;;;;;;;;;;;;;;;;;;;;;;;;;;;;;;;;;;;;;;;;;;;;;;;;;;;;;;;;2;;;;;;;;;;;;;;;;;;;;3;1;2;;
ZHONG TONG;;;;;;;;;;;;;;;;;;;;;;;;;;;;;;;;;;;;;;;;;;;;;;;;;;;;;;;;;;;;;;;;;;;;;;;;;;;;;;;;;;5;;;;;;;;;;;;;;;;;;;;;;;;;;;;;;;;;;;;;;;;;;3;;;;;;;
ANDARIEGA;;;;;;;;;;;;;;;2;2;;;;;;;;;;;;;;;2;1;;;;;;;;;;;;;;;;;;;;;;;;;;;;;;;;;;;;;;;;;;;;;;;;;;;;;;;;;;;;;;;;;;;;;;;;;;;;;;;;;;;;;;;;;;;;;;;;;;;
GENERAL TRUCK BODY;;;;;;1;1;;;;;;;;;;1;;1;;;;;;;;;;;;;;;;;;;;;;;;;;;;;;;;;;;1;1;;;;;;;;;;;;;;1;;;;;;;;;;;;;;;;;;;;;;;;;;;;;;;;;;;;;;;;;;;;;;;;;;;;;;;;;;;;;;
GHIGLIONE ROUTE;;;;;;;;;;;;;;;;;;;;;1;;3;;;;;;;;;;;;;;3;;;;;;;;;;;;;;;;;;;;;;;;;;;;;;;;;;;;;;;;;;;;;;;;;;;;;;;;;;;;;;;;;;;;;;;;;;;;;;;;;;;;;;;;;;;;;;
HAIPENG;;;;;;;;;;;;1;1;;;;;;;;;;;;;;2;;;;;;;;;;3;;;;;;;;;;;;;;;;;;;;;;;;;;;;;;;;;;;;;;;;;;;;;;;;;;;;;;;;;;;;;;;;;;;;;;;;;;;;;;;;;;;;;;;;;;;;;;
LAMBORGHINI;;;;;;;;;;;;;;;;;;;;;;;;;;;;;;;;;;;;;;;;;;;;;;;;;1;;;;;;;;;;;;;;;;;;;;;;;;;;;;;;;;2;;;;;;;;;;;;;;;;;;;;;;;;;1;;;;1;;;;;;;;;;;;;;;;;;1;;1;
PEERLESS;;1;2;1;;;;1;;;;;;;;;;;;;;;;;;;;;;;;;;;;;;;;;;;;;;;;;;;;;;;;;;;;;;;;;2;;;;;;;;;;;;;;;;;;;;;;;;;;;;;;;;;;;;;;;;;;;;;;;;;;;;;;;;;;;;;;;;;;
SCAM;;;;;;;;;;;;;;;;;;;;;;;;7;;;;;;;;;;;;;;;;;;;;;;;;;;;;;;;;;;;;;;;;;;;;;;;;;;;;;;;;;;;;;;;;;;;;;;;;;;;;;;;;;;;;;;;;;;;;;;;;;;;;;;;;;;;
SSANGYONG;2;1;;1;;;;;;;;1;;;;;;;;;1;;;;;;;;;;1;;;;;;;;;;;;;;;;;;;;;;;;;;;;;;;;;;;;;;;;;;;;;;;;;;;;;;;;;;;;;;;;;;;;;;;;;;;;;;;;;;;;;;;;;;;;;;;;;;;;
TECNOVIVIENDAS;;;;;;;3;;;2;;;2;;;;;;;;;;;;;;;;;;;;;;;;;;;;;;;;;;;;;;;;;;;;;;;;;;;;;;;;;;;;;;;;;;;;;;;;;;;;;;;;;;;;;;;;;;;;;;;;;;;;;;;;;;;;;;;;;;;;;;
AMMAN;;;;;;;;;;;;;;;;;;;;;;3;;;;;;;;;;;;;2;;;;;;;;;;;;;;;;;;;;;;;;;;;;;;;;;;;;;;;;;;;;;;;;;;;;;;;;;;;;;;;;;;;;;;;;;;;;;;;;;;;;;;;;;;;1;;;;;
ARG METAL;;;;;;;;;;;;;;;;;;;;;;;;;;;;;;;;;;;;;;;;;;;;;;;;;;;;;;;;;;;;;;;;;;;;;;;;;;;;;;;1;;;;;;;;;;;;1;;;1;;;;;1;1;;;;;;;;;;;;;;;;;;1;;;;;;;;;;;;;
MATERFER;;;;;;;;;;;;;;;;;;;;;;;;;;;;;;;;;3;;;;;;;;;;;;;;;;;;;;;;;;;;;;;;;;;;;;;;;;;;;;;;;;;;;;1;;2;;;;;;;;;;;;;;;;;;;;;;;;;;;;;;;;;;;;;;;;;;;;
OPERBUS;;;;;;;;;1;1;;;;;3;1;;;;;;;;;;;;;;;;;;;;;;;;;;;;;;;;;;;;;;;;;;;;;;;;;;;;;;;;;;;;;;;;;;;;;;;;;;;;;;;;;;;;;;;;;;;;;;;;;;;;;;;;;;;;;;;;;;;
PROPX;;;;;;;;;;;;;;;;;;;;;;;;;;;;;;;;;;;;;;;;;;;;;;;;;;;;;;;;;;;;;;;;;;;;;;;;;;5;;1;;;;;;;;;;;;;;;;;;;;;;;;;;;;;;;;;;;;;;;;;;;;;;;;;;;;;;;
RIMEK;;1;;;;;;;;1;;1;;;;;;1;;;;;;;;;;;;;;;;;;;;;;;;;;;;;;;;;;;;;;;;;;;;;;;;;;;;;;2;;;;;;;;;;;;;;;;;;;;;;;;;;;;;;;;;;;;;;;;;;;;;;;;;;;;;;;;;;;
TECNUS;;;;;;;;;;;;;;;;;;;;;;;;;;;;;;;;;;;;;;;;;;;;;;;;;;;;;;;;;;;;;;;;;;;;;;;;;;;;;;;;;;;;;;;;;;;;;;;;;;;;;;;;;;;;;;;;;;;;;;;;1;;;1;1;1;;;;;1;1
ACOPLADOS CONESE;;;;;;;;;;;;;;;;;;;;;;;;;;;;;;;;;;;;;;;;;;;;;;;;;;;;;;;;;;;;;;;;;;;;;;;;;;;;;;;;;;;;;;;;;;;;;;;;;;;;;;;;;;;;;;;;;;;;1;1;1;1;;;1;;;;;;;;;
COACHMEN;;;;;;;;;;;;;;;;;;;;;;;;;;;;;;;;;;;;;;;;;;;;;;;;;;;;;;;;;;;;;;;;;;;;;;;;;;;;;;;;;;;;;;;;;;;;;;;;;;2;;;2;;;;;;;;;;;;;;;;;;;;;;;1;;;;;;;
DOLVEG;;;;;;;;;;;;;;;;;;;;;;;;;;;;;;;;;;;;;;;;;;;;;;;;;;;;;;;;;;;;;;;;;;;;;;;5;;;;;;;;;;;;;;;;;;;;;;;;;;;;;;;;;;;;;;;;;;;;;;;;;;;;;;;;;;;;
DON TOTO;;;;;;;;;;;;;;;;;;;;;;;;;;;;;;;;;;;;;;;;;;;;;;;;;;;;;1;;;;;;;;;;;;;;;;;;;;;;;;;;;1;1;1;;;;;;;;1;;;;;;;;;;;;;;;;;;;;;;;;;;;;;;;;;;;;;;;;;
GROVE;;;;;;1;;;;;;;;;;1;;;;;;;;;;;;;;;;;;;;;;;;;;;;;;;;;;;;;;;;1;;;;;;;;;;;;;;;;;;;;;;;;;;;;;;;;;;;;;;;;;;;;;;;;;;;;;;;;;;;;;;;;;;;;;;2;;;;;
METAL LINIERS;;;;;;;;;;;;;;;;;;;;;;;;;;;;;;;;;;;;;;;;;;;;;;;;;;;;;;;;;;;;;;;;;;;;;;;;;;;;;;;;;;;;;;;;;;;;;;;;;;;;;;;;;1;;;;;1;;;1;;;;;;;;;;;;;;;;1;1;
NUCTECH;;;;;;;;;;;;;;;;;;;;;;;;;;;;;;;;;;;;;;;;;;;;;;;;;;;;;;;;;;;;;;;;;;;;;;;;;;;;;;;;;;;;;;;;;;;;;;;;;;;;;;;;;;1;;3;;;;1;;;;;;;;;;;;;;;;;;;
TADANO;;;;;;;;;;;;;;;;;;;;;;;;;;;;;;;1;2;;1;;;;;;1;;;;;;;;;;;;;;;;;;;;;;;;;;;;;;;;;;;;;;;;;;;;;;;;;;;;;;;;;;;;;;;;;;;;;;;;;;;;;;;;;;;;;;;;;;;
TAURUS;;;;;;;;;;;;;;;;;;;;;;;;;;;;;;;;;;;;;;;;;;;;;;;;;;;;;;;;;;;;;;;;;;;;;;;;;;;;;;;1;;;;;;;;;;;;;;1;;;;;;;;;;;;;;;;;;;;;;;;;;;;;;;;;;;;1;2;
TMT TRANSMONTAND S.A.;;;;;;;;;;;;;;;;;;;;;;;;;;;;;;;;;;;;;;;;;;;;;;;;;;;;;;;;;;;;;;;;;;;;;;;;;;;;;;;;;;;;;;;;;;;;1;;;;;1;;;;;1;;;;;1;;;;;;;;;1;;;;;;;;;;;;;;;
TRAIL KING;;;;;;;;;;;;;;;;;;;;;;;;;5;;;;;;;;;;;;;;;;;;;;;;;;;;;;;;;;;;;;;;;;;;;;;;;;;;;;;;;;;;;;;;;;;;;;;;;;;;;;;;;;;;;;;;;;;;;;;;;;;;;;;;;;;;
VORTEQ;;;3;1;;;;;;;;;;;;;;;;;;;;;;;;;;;;;;;;;;;;;;;;;;;;;;;;;;;;;;;;;;;;;;;;;;;;;;;;;;;;;;;;;;;;;;;;1;;;;;;;;;;;;;;;;;;;;;;;;;;;;;;;;;;;;;;;
DULEVO;;;;;;;;;;;;;;;;;;;;;;;;;;;;;;;;;;;;;;;;;;;;;;;;;;;;;;;;;;1;;;;;;;;;;;;;;;;;;1;;;;;;;;;;;;;;;;;;;;;;;;;;;;;;;;;;;;;;;;;;;;;;;;;;;2;;;;
JEREH;;;;;;;;;;;;;;;;;;;;;;;;;;;;;;;;;;;;;;;;;2;;1;;;;;;;;;;1;;;;;;;;;;;;;;;;;;;;;;;;;;;;;;;;;;;;;;;;;;;;;;;;;;;;;;;;;;;;;;;;;;;;;;;;;;;;;;
SHUNYUN;;2;;;;;;;;;;;;;;;;;;;;;;;;;;;;;;;;;;;;;;;2;;;;;;;;;;;;;;;;;;;;;;;;;;;;;;;;;;;;;;;;;;;;;;;;;;;;;;;;;;;;;;;;;;;;;;;;;;;;;;;;;;;;;;;;;;
WORLEY WELDING WORKS;;;;;;;;;;;;;1;;1;;;;2;;;;;;;;;;;;;;;;;;;;;;;;;;;;;;;;;;;;;;;;;;;;;;;;;;;;;;;;;;;;;;;;;;;;;;;;;;;;;;;;;;;;;;;;;;;;;;;;;;;;;;;;;;;;;;;;
EL SOL DE ACOPLADOS RURALES AR;;;;3;;;;;;;;;;;;;;;;;;;;;;;;;;;;;;;;;;;;;;;;;;;;;;;;;;;;;;;;;;;;;;;;;;;;;;;;;;;;;;;;;;;;;;;;;;;;;;;;;;;;;;;;;;;;;;;;;;;;;;;;;;;;;;;
FREIGHTLINER;1;;;2;;;;;;;;;;;;;;;;;;;;;;;;;;;;;;;;;;;;;;;;;;;;;;;;;;;;;;;;;;;;;;;;;;;;;;;;;;;;;;;;;;;;;;;;;;;;;;;;;;;;;;;;;;;;;;;;;;;;;;;;;;;;;;;
HEAVY;;;;;;;;;;;;;;;;;;;;;;;;;;;;;;;;;;;;;;;;;;;;;;;;;;;;;;;;;3;;;;;;;;;;;;;;;;;;;;;;;;;;;;;;;;;;;;;;;;;;;;;;;;;;;;;;;;;;;;;;;;;;;;;;;;;;
LGMG;;;;;;;;;;;;;;;;;;;;;;;;;;;;;;;;;;;;;;;;;;;;;;;;;;;;;;;;;;;;;;;;;;;;;;;;;;;;;;;;;;;;;;;;;;;;;;;;;;;;;;;;;;;;;;;;;;;;;;;;;;;;2;1;;;;;;
LIBRELATO;;;;;;;;;;;;;;;;;;;;;;;;;;;;;;;;;;;;;;;;;;;;;;;;;;;;;;2;;1;;;;;;;;;;;;;;;;;;;;;;;;;;;;;;;;;;;;;;;;;;;;;;;;;;;;;;;;;;;;;;;;;;;;;;;;;;;
LIU GONG;;;;;;;;;;;;;;;;;;;;;;;;;;;;;;;;;;;;;;;;;;;;;;;;;;;;;;;;;;;;;;;;;;;;;;;;;;1;;;;;;;;1;;;;;;;;;;;;;;;;;;;;;;1;;;;;;;;;;;;;;;;;;;;;;;;;;;
MILES;;;;;;;;;;;;;;;;;;;;;;;;;;;;;;;;;;;;;;;;;;;;;;;;;;;;;;;;;;;;;;;;;;;;;;;;;;;;;;;;;;;;;;;;;;;;;;;;;;;;;;;;;;;;;;;;;;;;;;;;;;;;2;1;;;;;;
PIERCE;;;;1;;;;;;;;;;;;;;;;;;;;;;;;;;;;;;;1;;;1;;;;;;;;;;;;;;;;;;;;;;;;;;;;;;;;;;;;;;;;;;;;;;;;;;;;;;;;;;;;;;;;;;;;;;;;;;;;;;;;;;;;;;;;;;;;;
PUTZMEISTER;;;;;;;;;;;;;;;;;;;;;;;;;;;;;;;;;;;;;;;;;;;;;;;;;;;;;;;;;;;;;;;;;;;;;;;;;;;;;;;;;;;;;;;;;;;;;;;;;;;;;;;;;;;;;;3;;;;;;;;;;;;;;;;;;;;;
RAUDA;;;;;;;;;;;;;;;;;;;;;;;;;;;;;;;;;;;;;;;;;;;;;;;;;;;;;;;;;;;;;;;;;;;;;;;;;;;;;;;;;;;;;;;;;;1;;;;;;;;;;;;;;;;;;;;;;;;;;;;;;;;;;;;;2;;;;
SCHEUERLE;;;;;;;;;;;;;;;;;;;;;;;;;;;;;;;;;;;;;;;;;;;;;;;;;;;;;;;;;;3;;;;;;;;;;;;;;;;;;;;;;;;;;;;;;;;;;;;;;;;;;;;;;;;;;;;;;;;;;;;;;;;;;;;;;;;;
SCOTT MFG;;;;;;;;;;;;;;;1;;1;1;;;;;;;;;;;;;;;;;;;;;;;;;;;;;;;;;;;;;;;;;;;;;;;;;;;;;;;;;;;;;;;;;;;;;;;;;;;;;;;;;;;;;;;;;;;;;;;;;;;;;;;;;;;;;;;;;
TT URO;;;;;;;;;;;;;;;;;;;;;;;;;;;;;;;;;;;;;;;;;;;;;;;;;;;;;;;;;;2;1;;;;;;;;;;;;;;;;;;;;;;;;;;;;;;;;;;;;;;;;;;;;;;;;;;;;;;;;;;;;;;;;;;;;;;;;
AMERITRAIL MFG.;;;;;;;;;;;;;;;;;;;;;;;;;;;;;;;;;;;;;;;;;;;;;;;;;;;;;;;;;;;;;;;2;;;;;;;;;;;;;;;;;;;;;;;;;;;;;;;;;;;;;;;;;;;;;;;;;;;;;;;;;;;;;;;;;;;;
ARCFOX;;;;;;;;;;;;;;;;;;;;;;;;;;;;;;;;;;;;;;;;;;;;;;;;;;;;;;;;;;;;;;;;;;;;;;;;;;;;;;;;;;;;;;;;;;;;;;;;;;;;;;;;;;;;;;;;;;;;;;;;;;;;;;;;;;;2
ATLAS;;;;;;;1;;1;;;;;;;;;;;;;;;;;;;;;;;;;;;;;;;;;;;;;;;;;;;;;;;;;;;;;;;;;;;;;;;;;;;;;;;;;;;;;;;;;;;;;;;;;;;;;;;;;;;;;;;;;;;;;;;;;;;;;;;;;;
BISCAYNE ROADSTER;;;;;;;;;;;;;;;;;;;;;;;;;;;;;;;;;;;;;;;;;;;;;;;;;;;;;;;;;;;;;;;;;;;;;;;;;;;;;;;;;;;;;;;;;;;;;;;;;;1;;;;;;;1;;;;;;;;;;;;;;;;;;;;;;;;;;
CAMBELT;;;;;;;;;;;;;;;;;;;;;;;;;;;;;;;;;;;;;;;;;;;;;;;;;;;;;;;;;;;;;;;;;;;;;;;;;;;;;;;;2;;;;;;;;;;;;;;;;;;;;;;;;;;;;;;;;;;;;;;;;;;;;;;;;;;;
CIMC;;;;;;;;;;;;;;;;;;;;;;;;;;;;;;;;;;;;;;;;;;;;;;;;;;;2;;;;;;;;;;;;;;;;;;;;;;;;;;;;;;;;;;;;;;;;;;;;;;;;;;;;;;;;;;;;;;;;;;;;;;;;;;;;;;;;
CLASICOS Y ESPECIALES;;;;;;;;;;;;;;;;;;;;;;;;;;;;;;;;;;;;;;;;;;;;;;;;;;;;;;;;;;;;;;;;;;;;;;;;;;;;;;;;;;;;;;;;;;;;;;;;;;;;;;;;;;;;;;;;;;;;;;;;1;1;;;;;;;;;;
CRAFCO;;;;;;;;;;;;;;;;;;;;;;;;;;;;;;;;;;;;;;;;;;;;;;;2;;;;;;;;;;;;;;;;;;;;;;;;;;;;;;;;;;;;;;;;;;;;;;;;;;;;;;;;;;;;;;;;;;;;;;;;;;;;;;;;;;;;
DON NATALIO S.R.L.;;;;;;;;;;;;;;;;;;;;;;;;;;;;;;;;;;;;;;;;;;;;;;;;;;;;;;;;;;;;;;;;;;;;;;;;;;;;;;;;;;;;;;;;;;;;;;;;;;;;;;;;;;;;;;;;;;;;;;;;;;;;;;;1;;;;1
FAYMONVILLE;;;;;;;;;;;;;;;;;;;;;;;;;;;;;;;;;;;;;;;;;;;;;;;;;;;;;;;;;;;;;;;;;;;;;;;;;;;;;;;;;;;;;;;;;;;;;;;;;;;;;;;;;;;;;;;;;;;;;;;;;;;;;;2;;;;;
GENLYON;;;;;;;;;;;;;;;;;;;;;;;;;;;;;;;;;;;;;;;;;;;;;;;;;;;;;;;;;;;;;;;;;;;;;;;;;;;;;;;;;;;;;;;;;;;;;;;;;;;;;;;;;;;;;;;;2;;;;;;;;;;;;;;;;;;;
HUMMER;1;;;;;;;;;;;;;;;;;;;;;;;;;;;;;;;;;;;;;;;;;;;;;;;;;;;;;;;;;;;;;;;;;;;;;;;;;;;;;;;;;;;;;;;;;;;;;;;;;;;;;;;;;;;;;;;;;;;;;;;;;;;;;;1;;;;
INDOL;;;;;;;;;;;;;2;;;;;;;;;;;;;;;;;;;;;;;;;;;;;;;;;;;;;;;;;;;;;;;;;;;;;;;;;;;;;;;;;;;;;;;;;;;;;;;;;;;;;;;;;;;;;;;;;;;;;;;;;;;;;;;;;;;;;;
IRON;;;;;;;;;;;;;;;;;;;;;;;;;;;;;;;;;;;;;;;;;;;;;;;;;;;;;;;;;;;;;;;;;;;;;;;;;;;;;;;;;;;;;;;;;;;;;;1;;;;;;;1;;;;;;;;;;;;;;;;;;;;;;;;;;;;;;
KRONE;;;;;;;;;;;;;;;;;;;;;;;;;;;;;;;;;;;;;;;;;;;;;;;2;;;;;;;;;;;;;;;;;;;;;;;;;;;;;;;;;;;;;;;;;;;;;;;;;;;;;;;;;;;;;;;;;;;;;;;;;;;;;;;;;;;;
MARGUI;;;;;;;;;;;;;;;;;;;;;;;;;;;;;;;;;;;;;;;;;;;;;;;;;;;;;;;;;;;;;;;;;;;;;;;;;;;;;;;;;;;;;;;;;;;;;;;;;;;;;1;;;;;;;;;;;;;1;;;;;;;;;;;;;;;;;
METALURGICA FRANCK;;;;1;;;1;;;;;;;;;;;;;;;;;;;;;;;;;;;;;;;;;;;;;;;;;;;;;;;;;;;;;;;;;;;;;;;;;;;;;;;;;;;;;;;;;;;;;;;;;;;;;;;;;;;;;;;;;;;;;;;;;;;;;;;;;;;;
RODARCATSA;;;;;;;;;;;;;;;;;2;;;;;;;;;;;;;;;;;;;;;;;;;;;;;;;;;;;;;;;;;;;;;;;;;;;;;;;;;;;;;;;;;;;;;;;;;;;;;;;;;;;;;;;;;;;;;;;;;;;;;;;;;;;;;;;;;;
ROLLIGON;;;;;;;;;;;;;;;;;;;;;;;;;;;;;;;;;;;;;;;;;;;;;;;;;;;;;;;;;;;;;;;;;;;;;;;;;;;;;;;;;;;;;;;;;;;;;;;;;;;;;;;;;;;;;;;;;;;;;2;;;;;;;;;;;;;;
STEWART & STEVENSON;;1;;;;;;;;;;;;;;;;;;;1;;;;;;;;;;;;;;;;;;;;;;;;;;;;;;;;;;;;;;;;;;;;;;;;;;;;;;;;;;;;;;;;;;;;;;;;;;;;;;;;;;;;;;;;;;;;;;;;;;;;;;;;;;;;;;
STREUMASTER;;;;;;;;;;;;;;;;;;;;;;;;;;;;;;;;;;;;;;;;;;;;;;;;;;;;;;;;;;;;;;;;;;;;;;;;;;;;;;;;;;;;;;;;;;;;;;;1;;;;;;;;;;;;;;;;;;;;;;;1;;;;;;;;;;;;;
TEREX;;;;;;;;;;;;;;;;;;;;;;;;;;;;;;;1;;;;;;;;1;;;;;;;;;;;;;;;;;;;;;;;;;;;;;;;;;;;;;;;;;;;;;;;;;;;;;;;;;;;;;;;;;;;;;;;;;;;;;;;;;;;;;;;;;;;;
TIANMING;;;;;;;;;;;;;;;;;;;;;;;;;;;;;;;;;;;;;;;;;;;;;;;;;;;1;;;1;;;;;;;;;;;;;;;;;;;;;;;;;;;;;;;;;;;;;;;;;;;;;;;;;;;;;;;;;;;;;;;;;;;;;;;;;;;;;
VOLVO/IRIZAR;;;;;;;;;;;;;;;;;;;;;;;;;;;;;;;;;;;;;;;;;;;;;;;;;;;;;;;;;;;;;;;;;;;;;;;;;;;;;;;;;;;;;;;;2;;;;;;;;;;;;;;;;;;;;;;;;;;;;;;;;;;;;;;;;;;;
WG;;;;;;;;;;;;;;;;;;;;;;;;;;;;;;;;;;;;;;;;;;;;;;;;;;;;;;;;;;;;;;;;;;;;;;;;;;;;;;;;;;;;;;;;;;;;;;;;;;;;;;;;;;;;;;;;;;;;;;;;;1;;;1;;;;;;;
XEV;;;;;;;;;;;;;;;;;;;;;;;;;;;;;;;;;;;;;;;;;;;;;;;;;;;;;;;;;;;;;;;;;;;;;;;;;;;;;;;;;;;;;;;;;;;;;;;;;;;;;;;;;;;;;;;;;;;;;;;;;;;;;;;;;;2;
ACEPLA;;;;;;;;;;;;;;;;;;;;;;;;;;;;;;;;;;;;;;;;;;;;;;;;;;;;;;;;;;;;;;;;;;;;;;;;;;;;;;;;;;;;;;;;;;;;;;;;;;;;;;;;;;;;;;;;;;;;;;;;;;;;1;;;;;;;
AL SHIRAWI EQUIPMENT COMPANY;;;;;;;;;;;;;;;;;;;;;;;;;;;;;;;;;;;;;;;;;;;;;;;;;;;;;;;;;;;;;;;;;;;;;;;;;;;;;;;;;;;;;;;;;;;;;;;;;;;;;;;;;;;;;;;;;;;;;;;;1;;;;;;;;;;;
AMR;;;;;;;;;;;;;;;;;;;;;;;;;;;;;;;;;;;;;;;;;;;;;;;;;;;;;;;;;;;;;;;;;;;;;;;;;;;;;;1;;;;;;;;;;;;;;;;;;;;;;;;;;;;;;;;;;;;;;;;;;;;;;;;;;;;;
ARTESANAL;;;;;;;;;;;;;;;;;;;;;;;;;;;;;;;;;;;;;;;;;;;;;;;;;;;;;;;;;;;;;;;;;;;;;;;;;;;;;;;;;;;;;;;;;;;;;;;;;;;1;;;;;;;;;;;;;;;;;;;;;;;;;;;;;;;;
BENTLEY;;;;;;;;;;;;;;;;;;;;;;;;;;;;;;;;;;;;;;;;;;;;;;;;;;;;;;;;;;;;;;;;;;;;;;;;;;;;;;;;;;;;;;;;;;;;;;;;;;;;;;;;;;;;;;;;;;;;;;;;;;;1;;;;;;;;
BOMAG;;;;;;;;;;;;;;;;;;;;;;;;;;;;;;;;;;;;;;;;;;;;;;;;;;;;;;;;;;;;;;;;;;;;;;;;;;;;1;;;;;;;;;;;;;;;;;;;;;;;;;;;;;;;;;;;;;;;;;;;;;;;;;;;;;;;
CAPSTAN;;;;;;;;;;;;;;;;1;;;;;;;;;;;;;;;;;;;;;;;;;;;;;;;;;;;;;;;;;;;;;;;;;;;;;;;;;;;;;;;;;;;;;;;;;;;;;;;;;;;;;;;;;;;;;;;;;;;;;;;;;;;;;;;;;;;
CARMIX;;;;;;;;;;;;;;;;;;;;;;;;;;;;;;;;;;1;;;;;;;;;;;;;;;;;;;;;;;;;;;;;;;;;;;;;;;;;;;;;;;;;;;;;;;;;;;;;;;;;;;;;;;;;;;;;;;;;;;;;;;;;;;;;;;;;
CATEC;;;;;;;;;;;;;;;;;;;;;;;;;;;;;;;;;;;;;;;;;;;;;;;;;;;;;;;;;;;;;;;;;;;;;;;;;;;;;;;;;;;;;;;;;;;;;;;;;;;;;;;;;;;;;;;;;;;;;;;;;;;;;;;;1;;;
CONTINENTAL;;;;;;;;;;;;;;;;;;;;;;;;;;;;;;;;;;;;;;;;;;;;;;;;1;;;;;;;;;;;;;;;;;;;;;;;;;;;;;;;;;;;;;;;;;;;;;;;;;;;;;;;;;;;;;;;;;;;;;;;;;;;;;;;;;;;
DAF;;;;1;;;;;;;;;;;;;;;;;;;;;;;;;;;;;;;;;;;;;;;;;;;;;;;;;;;;;;;;;;;;;;;;;;;;;;;;;;;;;;;;;;;;;;;;;;;;;;;;;;;;;;;;;;;;;;;;;;;;;;;;;;;;;;;
DEMAG;;;;;;;;;;;;;;;;;;;;;;;;;;;;;;;;;;;;;;;;;;;;;;;;;;;;;;;;;;;;;;;;;;;;;;;;;;;;;;;;;;1;;;;;;;;;;;;;;;;;;;;;;;;;;;;;;;;;;;;;;;;;;;;;;;;;
EMI ATOKA;;;;;;;;;;;;;;;;;;;;;;;;;;;;;;;;;;;;;;;;;;;;;;;;;;;;;;;;;;;;;;;;;;;;;1;;;;;;;;;;;;;;;;;;;;;;;;;;;;;;;;;;;;;;;;;;;;;;;;;;;;;;;;;;;;;;
ESTERER;;;;;;;;;;;;;;;;;;;;;;;;;;;;;;;;;;;;;;;;;;;;;;;;;;;;;;;;;;;;;;;;;;;;;;;;;;;;;;;;;;1;;;;;;;;;;;;;;;;;;;;;;;;;;;;;;;;;;;;;;;;;;;;;;;;;
FIORI;;;;;;;;;;;;;;;;;;;;;;;;;;;;;;;;;;;;;;;;;;;;;;;;1;;;;;;;;;;;;;;;;;;;;;;;;;;;;;;;;;;;;;;;;;;;;;;;;;;;;;;;;;;;;;;;;;;;;;;;;;;;;;;;;;;;
GERLING AND ASSOCIATES;;;;;;;;;;;;;;;;;;;;;;;;;;;;;;;;;;;;;;;;;;;1;;;;;;;;;;;;;;;;;;;;;;;;;;;;;;;;;;;;;;;;;;;;;;;;;;;;;;;;;;;;;;;;;;;;;;;;;;;;;;;;;;;;;;;;
GMC;;;;;;;;;;;;;;;;;;;;;;;;;;;;;;;;;;;;;;;;;;;;;;;;;;;;;;;;;;;;;;;;;;;;;;;;;;;;;;;;;;;;;;;;;;;;;;;;;;;;;;;;;;;;;;;;;;;;;;;;;;;;;;;;;;1;
GRAHAM PAIGE;;;;;;;;;;;;;;;;;;;;;;;;;;;;;;;;;;;;;;;;;;;;;;;;;;;;;;;;;;;;;;;;;;;;;;;;;;;;;;;;;;;;;;;;;;;;;;;;;;;;;;;;;;;;;;;;;;;1;;;;;;;;;;;;;;;;
HOLDEN;;;;;;;;;;;;;;;;;;;;;;;;;;;;;;;;;;;;;;;;;;;;;;;;;;;;;;;;;;;;;;;;;;;;;;;;;;;;;;;;;;;;;;;;;;;;;;;;;;;;;1;;;;;;;;;;;;;;;;;;;;;;;;;;;;;;
HONGYUAN;;;;;;;;;;;;;;;;;;;;;;;;;;;;;;;;;;;;;;;;;;;;;;;;;;;;;;;;;;;;;;;;;;;;;;;;;;;;;;;;;;;;;;;;;;;;;;;;1;;;;;;;;;;;;;;;;;;;;;;;;;;;;;;;;;;;
HUDSON;;;;;;;;;;;;;;;;;;;;;;;;;;;;;;;;;;;;;;;;;;;;;;;;;;;;;;;;;;;;;;;;;;;;;;;;;;;;;;;;1;;;;;;;;;;;;;;;;;;;;;;;;;;;;;;;;;;;;;;;;;;;;;;;;;;;
INTERNATIONAL;;;;;;;;;;;;;;;;;;;;;;;;;;;;;;;;;;;;;;;;;;;;;;;;;1;;;;;;;;;;;;;;;;;;;;;;;;;;;;;;;;;;;;;;;;;;;;;;;;;;;;;;;;;;;;;;;;;;;;;;;;;;;;;;;;;;
IVECO-MAGIRUS;;1;;;;;;;;;;;;;;;;;;;;;;;;;;;;;;;;;;;;;;;;;;;;;;;;;;;;;;;;;;;;;;;;;;;;;;;;;;;;;;;;;;;;;;;;;;;;;;;;;;;;;;;;;;;;;;;;;;;;;;;;;;;;;;;;;
JORVIC;;;;;;;;;;1;;;;;;;;;;;;;;;;;;;;;;;;;;;;;;;;;;;;;;;;;;;;;;;;;;;;;;;;;;;;;;;;;;;;;;;;;;;;;;;;;;;;;;;;;;;;;;;;;;;;;;;;;;;;;;;;;;;;;;;;;
KINETIC;;;;;;;;;;;;;;;;;;;;;;;;;;;;;;;;;;;;;;;;;;;;;;;;;;;;;;;;;;;;;;;;;;;;;;;;;;;;;;;;;;;;;;;;;;;;;;;;;;;;;;;;;;;;;;;;;;;;;;;;;1;;;;;;;;;;
LARUE;;;;;;;;;;;;;;;;;;;;;;;;;;;;;;;;;;;;;;;;;;;;;;;;;;;;;;;;;;;;;;;;;;;;;;;;;;;;;;;;;;;;;;;;;;;;;;;;;;;;;;;;;1;;;;;;;;;;;;;;;;;;;;;;;;;;
LINDE;;;;;;;;;;;;;;;;;;;;;;;;;;;;;;;;;;;;;;;;;;;;;;;;;;;;;;;;;;;;;;;;;;;;;;;;;;;;;;;;;;1;;;;;;;;;;;;;;;;;;;;;;;;;;;;;;;;;;;;;;;;;;;;;;;;;
LOVOL;;;;;;;;;;;;;;;;;;;;;;;;;;;;;;;;;;;;;;;;;;;;;;;;;;;;;;;;;;;;;;;;;;;;;;;;;;;;;;;;;;;;;;;;;;;;;1;;;;;;;;;;;;;;;;;;;;;;;;;;;;;;;;;;;;;;
MAC;;;;;;;;;;;;;;;;;;;;;;;;;;;;;;;;;1;;;;;;;;;;;;;;;;;;;;;;;;;;;;;;;;;;;;;;;;;;;;;;;;;;;;;;;;;;;;;;;;;;;;;;;;;;;;;;;;;;;;;;;;;;;;;;;;;;
MACHILE;;;;;;;;;;;;;;;;;;;;;;;;;;;;;;;;;;;;;;;;;;;;;;;;;;;;;;;;;;;;;;;;;;;;;;;;;;;;;;;;;;;;;;;;;;;;;;;;;;;;;1;;;;;;;;;;;;;;;;;;;;;;;;;;;;;;
MAGIRUS;;1;;;;;;;;;;;;;;;;;;;;;;;;;;;;;;;;;;;;;;;;;;;;;;;;;;;;;;;;;;;;;;;;;;;;;;;;;;;;;;;;;;;;;;;;;;;;;;;;;;;;;;;;;;;;;;;;;;;;;;;;;;;;;;;;;
MAGIRUS DEUTZ;;1;;;;;;;;;;;;;;;;;;;;;;;;;;;;;;;;;;;;;;;;;;;;;;;;;;;;;;;;;;;;;;;;;;;;;;;;;;;;;;;;;;;;;;;;;;;;;;;;;;;;;;;;;;;;;;;;;;;;;;;;;;;;;;;;;
MAGNUM;;;;1;;;;;;;;;;;;;;;;;;;;;;;;;;;;;;;;;;;;;;;;;;;;;;;;;;;;;;;;;;;;;;;;;;;;;;;;;;;;;;;;;;;;;;;;;;;;;;;;;;;;;;;;;;;;;;;;;;;;;;;;;;;;;;;
MAXUS;;;;;;;;;;;;;;;;;;;;;;;;;;;;;;;;;;;;;;;;;;;;;;;;;;;;;;;;;;;;;;;;;;;;;;;;;;;;;;;;;;;;;;;;;;;;;;;;;;;;;;;;;;;;;;;;;;;;;;;;;;;;;;;;;;1;
MAZDA;;;;;;;;;;;;;;;;;;;;;;;;;;;;;;;;;;;;;;1;;;;;;;;;;;;;;;;;;;;;;;;;;;;;;;;;;;;;;;;;;;;;;;;;;;;;;;;;;;;;;;;;;;;;;;;;;;;;;;;;;;;;;;;;;;;;
MCLAREN;;;;;;;;;;;;;;;;;;;;;;;;;;;;;;;;;;;;;;;;;;;;;;;;;;;;;;;;;;;;;;;;;;;;;;;;;;;;;;;;;;;;;;1;;;;;;;;;;;;;;;;;;;;;;;;;;;;;;;;;;;;;;;;;;;;;
METALURGICA DEL SUR;;;;;;;;;;;1;;;;;;;;;;;;;;;;;;;;;;;;;;;;;;;;;;;;;;;;;;;;;;;;;;;;;;;;;;;;;;;;;;;;;;;;;;;;;;;;;;;;;;;;;;;;;;;;;;;;;;;;;;;;;;;;;;;;;;;;
NOOTEBOOM;;;;;;;;;;;;;;;;;;;;;;;;;;;;;;;;;;;;;;;;;;;;;;;;;;;;;;;;;;;;;;;;;;;;;;;;;1;;;;;;;;;;;;;;;;;;;;;;;;;;;;;;;;;;;;;;;;;;;;;;;;;;;;;;;;;;
OZMEN;;;;;;;;;;;;;;;;;;;;;;;;;;;;;;;;;;;;;;;;;;;;;;;;;;;;;;;;;;;;;;;;;;;;1;;;;;;;;;;;;;;;;;;;;;;;;;;;;;;;;;;;;;;;;;;;;;;;;;;;;;;;;;;;;;;;
PERFASIL ETERNO;;;;;;;;;;;;;;;;;;;;;;;;;;;;;;;;;;;;;;;;;;;;;;;;;;;;;;;;;;;;;;;;;;;;;;;;;;;;;;;;;;;;;;;;;;;1;;;;;;;;;;;;;;;;;;;;;;;;;;;;;;;;;;;;;;;;
PONTIAC;;;;;;;;;;;;;;;;;;;;;;;;;;;;;;;;;;;;;;;;;;;;;;;;;;;;;;;;;;;;;;;;;;;;;;;;;;;;;;;;;;;;;;;;;;;;;;;;;;;;;;;;;;;;;;;;;;;1;;;;;;;;;;;;;;;;
PRATI;;1;;;;;;;;;;;;;;;;;;;;;;;;;;;;;;;;;;;;;;;;;;;;;;;;;;;;;;;;;;;;;;;;;;;;;;;;;;;;;;;;;;;;;;;;;;;;;;;;;;;;;;;;;;;;;;;;;;;;;;;;;;;;;;;;;
PRATI-FRUEHAUF;;;;1;;;;;;;;;;;;;;;;;;;;;;;;;;;;;;;;;;;;;;;;;;;;;;;;;;;;;;;;;;;;;;;;;;;;;;;;;;;;;;;;;;;;;;;;;;;;;;;;;;;;;;;;;;;;;;;;;;;;;;;;;;;;;;;
PRATT;;;;;;;;;;;;;;;;;;;;;;;;;;;;;;;;;;;;;;;;;;;;;;;;;;;;;;;;;;;;;;;;;;;;;;;;;;;;1;;;;;;;;;;;;;;;;;;;;;;;;;;;;;;;;;;;;;;;;;;;;;;;;;;;;;;;
QMC;;;;1;;;;;;;;;;;;;;;;;;;;;;;;;;;;;;;;;;;;;;;;;;;;;;;;;;;;;;;;;;;;;;;;;;;;;;;;;;;;;;;;;;;;;;;;;;;;;;;;;;;;;;;;;;;;;;;;;;;;;;;;;;;;;;;
RBA;;;;;;;;;;;;;;;;;;;;;;;;;;;;;;;;;;;;;;;;;;;;;;;;;;;;;;;;;;;;;;;;;;;;;;;;;;;;;;;;;;;;;;;;;;;;;;;;;;;;;;;;;;;;;;;;;;;;;;;1;;;;;;;;;;;;
RESEMIN;;;;;;;;;;;;;;;;;;;;;;;;;;;;;;;;;;;;;;;;;;;;;;;;;;;;;;;;;;;;;;;;;;;;;;;;;;;;;;;;;;;;;;;;;;;;;;;;;;;;;;;;;;;;;;;;;;;;;;;;;;;;;;;;;;;1
SCANIA/BUSSCAR;;;;;;;;;;;;;;;;;;;;;;;;;;;;;;;;;;;;;;;;;;;;;;;;;;;;;;;;;;;;;;;;;;;;;;;;;;;;;;;;;;;;;;;;;;;;;;;;;;;;;;;;;;;;;;;;;;;;;;;;;;;;;;;;;1;;
SCANIA/IRIZAR;;;;;;;;;;;;;;;;;;;;;;;;;;;;;;;;;;;;;;;;;;;;;;;;;;;;;;;;;;;;;;;;;;;;;;;;;;;;;;;;;;;;;;;;;;;1;;;;;;;;;;;;;;;;;;;;;;;;;;;;;;;;;;;;;;;;
SEAT;;;;;;;;;;;;;;;;;;;;;;;;;;;;;;;;;;;;;;;;;;;;;;;;;;;;;;;;;;;;;;;;;;;;;;;;;;;;;;;;;;;;;;;;;;;;;;;;;;;;;;;;;;;;;;;;;;;;;;;;;;;;;;;1;;;;
SGQZ;;;;;;;;;;;;;;;;;;;;;;;;;;;;;;;;;;1;;;;;;;;;;;;;;;;;;;;;;;;;;;;;;;;;;;;;;;;;;;;;;;;;;;;;;;;;;;;;;;;;;;;;;;;;;;;;;;;;;;;;;;;;;;;;;;;;
SHERP;;;;;;;;;;;;;;;;;;;;;;;;;;;;;;;;;;;;;;;;;;;;;;;;;;;;;;;;;;;;;;;;;;;;;;;;;1;;;;;;;;;;;;;;;;;;;;;;;;;;;;;;;;;;;;;;;;;;;;;;;;;;;;;;;;;;
TESLA;;;;;;;;;;;;;;;;;;;;;;;;;;;;;;;;;;;;;;;;;;;;;;;;;;;;;;;;;;;;;;;;;;;;;;;;;;;;;;;;;;;;;;;;;;;;;;;;;;;;;;;;;;;;;;;;;;;;;;;;;;;;;;;;;;1;
TRAILER COMPANY;;;;;;;;;;;;;;;1;;;;;;;;;;;;;;;;;;;;;;;;;;;;;;;;;;;;;;;;;;;;;;;;;;;;;;;;;;;;;;;;;;;;;;;;;;;;;;;;;;;;;;;;;;;;;;;;;;;;;;;;;;;;;;;;;;;;
TRANSPORT SYSTEMS;;;;1;;;;;;;;;;;;;;;;;;;;;;;;;;;;;;;;;;;;;;;;;;;;;;;;;;;;;;;;;;;;;;;;;;;;;;;;;;;;;;;;;;;;;;;;;;;;;;;;;;;;;;;;;;;;;;;;;;;;;;;;;;;;;;;
TURBO´S HOET;;;;;;;;;;;;;;;;;;;;;;;;;;;;;;;;;;;;;;;;;;;;;;;;;;;;;;;;;;;;;;;;;;;;;;;;;;;;;;;;;;;;;;;;;;;;;;;;;;;;1;;;;;;;;;;;;;;;;;;;;;;;;;;;;;;;
TURNKEY INDUSTRIES;;;;;;;;;;;;;;;;;;;;;;;;;;;;;;;;;;;;;;;;;;;;;;;;;;;;;;;1;;;;;;;;;;;;;;;;;;;;;;;;;;;;;;;;;;;;;;;;;;;;;;;;;;;;;;;;;;;;;;;;;;;;;;;;;;;;
UD TRUCKS;;;;;;;;;;;;;;;;;;;;;;;;;;;;;;;;;;;;;;;;;;;;;;;;;;;;;;;;;;;;;;;;;;;;;;;;;;;;;;;;;;;;;;;;;;;;;;;;;;;;;;;;;;;;;;;;;;;;;;;;;;;;;;;;;1;;
WHIPPET;;;;;;;;;;;;;;;;;;;;;;;;;;;;;;;;;;;;;;;;;;;;;;;;;;;;;;;;;;;;;;;;;;;;;;;;;;;;;;;;;;;;;;;;;;;;;;;;;;;;;;;;;;;;;;;;1;;;;;;;;;;;;;;;;;;;
WILCO;;;;;;;;;;;;;;;;;;;;;;;;;1;;;;;;;;;;;;;;;;;;;;;;;;;;;;;;;;;;;;;;;;;;;;;;;;;;;;;;;;;;;;;;;;;;;;;;;;;;;;;;;;;;;;;;;;;;;;;;;;;;;;;;;;;;
WILLYS;;;;;;;;;;;;;;;;;;;;;;;;;;;;;;;;;;;;;;;;;;;;;;;;;;;;;;;;;;;;;;;;;;;;;;;;;;;;;;;;;;;;;;;;;;;;;;;;;;;;;;;;;;;;;;;;;1;;;;;;;;;;;;;;;;;;
