Modelo;ene-22;feb-22;mar-22;abr-22;may-22;jun-22;jul-22;ago-22;sep-22;oct-22;nov-22;dic-22;ene-23;feb-23;mar-23;abr-23;may-23;jun-23;jul-23;ago-23;sep-23;oct-23;nov-23;dic-23;ene-24;feb-24;mar-24;abr-24;may-24;jun-24;jul-24;ago-24;sep-24;oct-24;nov-24;dic-24;ene-25;feb-25;mar-25;abr-25;may-25;jun-25;jul-25;ago-25;sep-25;oct-25;nov-25;dic-25;ene-26
FIAT CRONOS;257;121;138;110;96;121;108;125;117;101;157;41;312;189;197;125;118;138;168;174;184;156;107;53;237;128;130;144;109;84;102;115;177;138;136;33;258;205;149;149;266;384;284;172;214;196;96;66;17
TOYOTA HILUX;108;59;74;93;104;74;67;87;98;101;100;73;151;105;103;117;127;121;122;103;126;125;156;118;216;97;101;131;153;124;162;129;141;140;137;42;119;143;103;139;116;97;123;112;117;92;66;38;25
FORD RANGER;28;43;42;52;34;31;41;52;54;51;44;38;110;70;85;96;72;51;92;128;90;108;106;76;121;79;107;112;119;115;256;147;108;94;94;57;232;100;155;141;135;98;137;119;117;114;62;43;24
PEUGEOT 208;119;80;82;88;69;56;96;124;81;69;65;48;124;106;102;103;122;125;121;108;90;92;66;31;111;72;74;99;88;67;97;82;112;100;92;47;216;116;146;120;133;102;91;67;74;64;74;41;17
VOLKSWAGEN AMAROK;71;55;60;33;48;44;68;65;65;55;49;34;104;51;84;83;135;85;88;87;110;100;112;62;68;32;36;41;74;51;62;45;86;88;56;19;120;79;62;80;81;66;84;80;70;51;34;16;5
TOYOTA YARIS;43;24;20;31;59;69;51;60;63;60;41;14;59;28;43;38;27;35;43;44;18;27;57;16;57;40;95;97;105;67;86;71;51;88;68;26;87;76;108;105;135;109;133;165;122;119;67;14;17
VOLKSWAGEN POLO;;2;22;6;29;38;41;29;34;71;35;15;47;9;14;11;6;8;31;13;8;38;30;6;18;33;34;26;45;52;52;84;95;53;22;60;87;46;72;91;92;98;110;102;125;56;52;30;18
NISSAN FRONTIER;52;14;92;83;37;30;53;31;37;42;27;52;31;25;78;97;86;80;73;51;51;41;71;40;38;18;19;17;25;20;32;30;11;40;57;29;42;28;27;23;60;29;13;21;20;26;11;12;3
TOYOTA COROLLA CROSS;49;22;18;28;28;34;35;33;40;39;38;17;30;28;30;30;22;33;29;30;9;19;26;12;24;24;34;36;60;35;48;52;26;56;48;15;61;33;53;40;62;65;63;79;58;56;12;9;14
CHEVROLET TRACKER;11;4;11;13;8;16;21;27;12;18;14;12;64;37;42;18;33;31;35;46;52;40;22;13;46;17;14;37;56;21;35;32;50;29;35;23;77;40;42;57;45;67;41;51;68;38;27;24;18
TOYOTA ETIOS;69;44;45;42;56;43;54;68;47;50;48;27;77;70;82;49;61;70;74;79;37;106;63;28;36;4;9;5;2;1;3;;2;;;;;;;;;;;;;;;;
TOYOTA COROLLA;37;22;27;26;23;27;39;34;14;20;29;8;34;11;22;20;23;21;30;33;7;23;43;18;23;34;45;61;53;43;57;31;26;40;43;17;59;22;20;56;30;34;37;32;39;32;10;6;3
VOLKSWAGEN TAOS;24;5;12;5;7;33;24;35;21;19;26;7;27;29;36;13;12;18;23;36;36;26;36;20;34;19;11;20;35;41;67;38;45;29;22;7;57;59;60;64;65;41;38;52;34;44;23;8;1
RENAULT LOGAN;25;10;17;6;18;17;23;23;25;32;48;10;11;9;18;60;19;8;22;20;28;21;24;9;14;24;25;15;19;26;16;60;55;10;9;15;30;21;26;26;15;15;24;35;29;14;67;20;1
FORD TERRITORY;11;6;9;9;20;4;6;;17;6;6;;6;6;11;5;14;14;15;5;9;18;16;1;17;29;24;15;6;16;13;13;29;28;30;18;47;16;60;43;47;31;24;82;105;64;39;34;25
CHEVROLET CRUZE;59;36;46;56;59;52;58;29;23;16;54;33;40;18;31;37;33;35;34;34;32;25;10;;8;1;2;7;40;27;19;15;3;1;2;1;;3;1;;1;;1;1;;;;;
CHEVROLET ONIX;21;3;10;15;6;14;24;29;15;11;16;8;44;17;16;19;10;20;8;18;4;5;13;8;8;7;18;17;9;7;10;18;25;23;9;11;25;32;26;39;44;52;50;42;40;45;14;12;19
PEUGEOT 2008;14;9;3;2;7;9;9;11;4;2;2;1;;2;5;1;5;5;4;1;;;;;;;;;;;5;19;46;30;28;12;78;54;38;47;42;56;81;81;71;69;38;19;13
MERCEDES BENZ SPRINTER;13;25;17;13;13;9;15;15;13;21;15;2;29;14;3;6;19;29;34;20;26;24;20;;15;12;3;18;21;27;19;19;18;20;16;3;27;23;25;11;22;27;25;18;25;26;15;22;
VOLKSWAGEN NIVUS;;7;8;10;16;4;14;16;18;8;8;6;2;5;17;14;5;11;8;5;1;15;9;10;5;2;8;22;21;27;30;24;25;27;16;16;42;14;18;29;33;46;45;42;35;33;37;9;3
JEEP RENEGADE;30;15;14;9;13;;3;2;18;3;22;4;21;19;7;10;12;18;10;2;5;21;8;2;24;27;19;17;10;11;22;31;28;23;11;3;44;28;27;18;30;30;38;33;22;14;25;8;3
RENAULT KANGOO II;19;16;17;22;21;23;20;35;22;26;34;13;23;24;34;27;32;27;25;27;33;30;33;16;27;7;5;3;7;10;8;5;1;11;5;;8;8;8;4;3;1;14;7;7;11;2;1;
NISSAN KICKS;36;15;25;11;17;10;12;22;20;13;16;2;22;13;13;14;7;16;33;19;8;16;13;1;9;9;9;19;8;13;5;15;13;7;12;5;23;14;13;12;18;16;38;26;26;50;8;10;5
FIAT STRADA;14;7;9;11;7;18;12;7;13;10;2;;4;5;6;4;19;5;8;9;2;12;;;;3;23;24;9;7;4;21;20;29;12;4;33;21;22;36;33;26;35;35;21;30;25;7;12
TOYOTA SW4;21;15;14;9;10;11;10;4;3;;6;11;30;12;17;21;16;24;13;14;6;22;10;5;9;10;8;17;21;9;24;16;21;18;15;3;16;12;20;24;15;12;15;16;13;20;9;4;8
FIAT TORO;13;13;18;18;12;5;26;10;4;6;3;2;4;9;11;2;9;15;4;1;4;13;2;3;12;8;16;13;10;8;5;10;17;19;15;4;40;19;24;23;26;24;32;24;20;22;7;3;5
VOLKSWAGEN T-CROSS;;;8;17;15;14;4;4;5;4;;;2;4;1;;4;8;10;2;1;14;14;3;2;3;14;12;29;8;21;23;5;31;34;9;32;25;38;35;29;17;23;28;16;10;14;10;
CITROEN C3;1;;;;;;;;6;2;11;1;8;13;14;16;19;17;26;1;3;32;14;3;21;4;12;40;22;13;12;4;10;9;11;2;13;15;19;26;13;16;36;19;26;28;27;10;1
PEUGEOT PARTNER;22;16;16;14;14;13;19;8;2;12;10;4;8;4;13;12;24;26;14;11;6;2;5;6;18;14;11;15;16;8;10;6;14;6;11;2;27;13;9;4;15;10;17;19;19;20;11;11;3
CITROEN C4 CACTUS;22;20;27;26;13;34;26;31;15;18;15;5;20;3;5;7;7;7;20;4;20;26;12;4;23;14;16;12;14;11;12;14;14;19;12;3;13;6;5;2;;;;;;;;;
FORD MAVERICK;;3;4;6;20;14;19;19;;;;4;26;16;10;10;15;11;9;;2;35;12;3;9;2;5;9;7;15;22;17;15;16;12;3;3;;4;16;39;10;38;20;19;15;16;3;3
FIAT PULSE;;;;4;21;40;21;12;9;14;8;3;7;2;2;4;9;6;3;1;1;7;3;;3;6;10;11;5;7;4;13;18;17;14;3;29;23;20;23;17;12;26;12;41;28;25;3;4
CITROEN C3 AIRCROSS;;;;;;;;;;;;;;;;;;;;;;;;;;;;3;16;15;11;14;15;27;20;8;66;36;36;36;47;25;29;27;16;28;24;12;6
CITROEN BERLINGO;24;12;11;13;4;11;13;15;4;17;13;9;34;3;4;9;22;20;14;6;1;7;7;6;14;13;11;9;6;21;15;8;17;6;3;;9;13;4;11;9;13;18;8;10;9;4;5;1
CHEVROLET S10;17;13;9;7;9;11;4;7;3;9;10;4;9;6;1;4;12;15;11;11;5;7;7;;2;5;1;3;2;2;8;17;16;4;5;1;7;15;11;21;33;28;37;25;17;22;12;8;8
FIAT MOBI;14;4;5;6;19;11;13;5;7;2;2;;1;5;4;3;5;1;;;;;;;;;;;;;;11;17;26;19;9;39;14;31;42;55;46;29;8;2;1;4;6;2
RENAULT SANDERO;17;8;17;14;18;14;23;21;18;19;10;4;12;10;14;12;13;15;15;18;12;8;5;7;6;12;6;12;7;8;9;6;6;10;2;2;9;6;6;3;3;1;;6;1;2;3;7;
CITROEN BASALT;;;;;;;;;;;;;;;;;;;;;;;;;;;;;;;;;;;;;16;22;29;41;19;27;73;30;86;51;29;14;
RENAULT KANGOO;;;;;;;;;;;;;;;;;;;;;;;;;;5;9;8;14;14;26;29;13;17;13;11;20;23;24;16;64;32;28;14;18;27;6;3;2
JEEP COMPASS;5;5;5;7;7;4;6;10;7;7;;2;3;3;4;6;6;4;3;2;4;6;9;;10;4;5;2;6;6;11;4;10;16;11;2;19;9;14;17;21;22;26;17;29;20;15;6;
RENAULT Stepway;8;2;10;15;6;13;14;18;12;8;11;7;4;2;11;9;11;10;16;18;11;10;11;3;7;11;13;9;10;9;8;13;8;3;5;;3;3;3;5;5;5;6;2;5;6;17;14;2
FIAT FIORINO;;;;4;8;4;3;9;7;5;4;;1;2;5;6;2;5;6;1;3;4;1;;1;;4;8;10;3;4;19;24;16;8;5;24;30;20;6;1;;26;21;33;31;10;9;5
NISSAN VERSA;23;11;8;14;7;3;3;4;6;8;11;2;2;;1;4;8;2;11;1;6;13;7;;9;21;8;7;4;2;4;2;14;2;2;5;18;6;;2;11;8;30;18;31;16;2;3;2
FORD TRANSIT;1;2;3;6;7;11;6;3;3;22;12;4;14;13;7;7;12;18;14;14;5;10;8;10;12;7;4;1;5;10;19;7;10;;1;4;7;2;5;4;10;6;2;7;4;4;1;2;2
RENAULT KWID;;1;1;;;;;;;;;;;;;;;;;;;;;;;;4;;1;;;;;;;5;15;8;14;14;24;38;58;41;37;44;20;10;2
FIAT FASTBACK;;;;;;;;;;;;;;;;;;;;;;;;;;;;;3;8;9;12;22;13;11;4;27;16;17;25;20;21;39;14;13;26;10;3;4
RENAULT KARDIAN;;;;;;;;;;;;;;;;;;;;;;;;;;;;;;;;11;19;11;12;6;22;28;27;20;15;26;20;8;31;29;9;10;3
RENAULT ALASKAN;11;7;8;2;2;16;4;8;12;12;10;3;6;10;12;7;3;10;8;28;7;9;7;3;4;3;1;4;3;;4;11;2;8;6;1;2;3;5;4;4;4;3;5;4;6;;;
VOLKSWAGEN TERA;;;;;;;;;;;;;;;;;;;;;;;;;;;;;;;;;;;;;;;;;;;;3;48;98;94;38;4
IVECO 170 E;5;13;4;6;9;8;12;14;4;2;7;8;7;3;9;4;6;3;7;2;13;12;8;1;2;3;4;2;3;3;7;7;7;4;1;10;5;2;1;3;7;11;4;1;1;9;14;1;
FIAT ARGO;16;3;9;1;2;3;6;7;3;1;1;;1;1;5;2;8;;1;;;1;;;;;;;;;;;;;;;;;;;17;31;37;21;19;29;9;8;1
HONDA HR-V;8;2;;3;9;2;5;6;2;5;6;3;2;1;4;3;3;2;4;1;1;2;;;5;;1;4;4;6;6;9;5;8;6;4;16;3;12;11;8;7;4;8;12;6;3;3;
IVECO DAILY;4;5;6;3;9;1;4;8;7;9;6;9;14;6;8;4;1;3;5;10;7;2;4;2;3;3;2;2;2;3;4;7;2;7;6;3;3;5;3;6;2;8;8;2;2;2;1;2;
VOLKSWAGEN SAVEIRO;5;1;1;1;5;1;2;5;1;2;;;;;1;;4;8;4;1;;;2;1;5;16;8;7;10;5;2;1;5;3;5;4;10;14;13;7;13;3;8;5;9;8;4;4;4
FORD BRONCO SPORT;12;5;;1;3;5;4;4;3;6;3;;5;3;6;2;5;1;1;;;9;1;4;7;;4;1;4;3;4;5;6;4;1;1;2;2;;21;6;6;13;4;10;13;7;6;1
TOYOTA HIACE;4;2;3;1;5;1;2;2;;5;2;;4;4;7;2;4;3;5;7;3;3;1;2;5;1;4;5;2;11;8;8;6;5;5;4;12;5;4;8;4;7;12;10;6;2;4;1;
MERCEDES BENZ BMO 368 VERSION 1621;13;2;3;7;20;18;12;18;18;14;4;2;2;8;;8;;8;;7;3;7;6;4;;;8;;;;;;6;2;;;6;;2;;;;;;;;;;
CHEVROLET MONTANA;;;;;;;;;;;;;;;;;;;;5;;1;2;;1;;2;;1;1;4;7;5;3;7;2;10;8;12;11;18;23;18;13;20;13;6;7;5
FOTON TM1;1;;;;;1;2;29;1;;;1;5;34;1;1;5;5;;4;5;1;;;;;7;4;7;1;4;9;3;4;1;7;5;1;10;5;2;9;8;5;3;2;2;6;
RENAULT DUSTER;1;2;1;;1;3;;2;;1;1;;7;1;3;3;;4;8;;5;5;6;4;5;2;9;5;4;2;7;;19;2;2;4;6;5;12;6;15;7;3;3;8;3;2;2;
RAM RAMPAGE;;;;;;;;;;;;;;;;;;;;;;;;;2;2;3;3;4;5;5;10;8;11;9;2;19;12;12;8;7;15;12;10;8;15;4;2;1
VOLKSWAGEN NUEVO VIRTUS;;;;;;;;;;;;;;;;;;;;;;1;;4;6;4;11;10;6;3;6;;2;15;14;20;17;18;7;4;6;8;2;2;;;;;
FORD ECOSPORT;12;12;5;12;21;7;7;6;8;11;10;5;14;10;6;8;2;;;;;;;;;;;;;;;;;;;;;;;;;;;;;;;;
IVECO STRALIS;1;;;;1;;;;;;;;1;;1;;3;1;3;;1;2;2;2;2;1;2;2;4;2;3;2;2;3;5;1;12;13;9;8;12;6;11;6;3;12;4;1;1
MERCEDES BENZ O 500;;;;;;;;;;;6;1;1;2;;3;;2;6;3;2;7;1;12;6;;3;;3;5;1;2;1;3;1;6;2;4;2;9;10;10;4;11;7;7;;;2
SHINERAY T30;2;3;6;3;2;2;;2;2;;1;1;3;2;1;5;1;2;1;1;4;2;1;2;1;3;;3;7;5;5;7;4;5;2;;;;;25;2;4;13;3;1;4;;2;
MERCEDES BENZ BMO 368 VERSION 1721;;;;10;5;1;1;;;;2;3;;3;;;;;4;;2;;2;1;1;;;;;;;;;;;;;;6;20;1;;20;11;6;26;3;12;1
CHEVROLET SPIN;2;1;3;;2;;2;;;2;;;;;1;1;1;4;;3;;1;;;;;2;1;1;3;1;;3;1;1;1;9;5;8;4;2;6;10;14;9;16;3;3;1
SCANIA R500;1;1;;5;5;7;5;1;3;3;1;1;1;3;2;3;4;1;3;1;;1;3;;;;;2;4;2;;3;1;3;1;1;;1;4;4;1;9;9;6;6;3;;1;
MERCEDES BENZ BMO 384;;4;8;10;7;3;;;3;;3;;;;;1;7;;;;;;;;5;13;;;;;;1;3;4;1;5;6;;4;1;5;1;14;2;2;1;;;
RENAULT OROCH;;;;;;;;;3;;1;;1;3;1;6;3;5;5;2;1;4;;1;6;2;;3;1;5;2;3;1;2;2;2;6;3;4;5;2;2;3;2;7;1;5;1;
HYUNDAI HB 20;;;;;;;;;;;;;;;;;;;;;;;;;;;;;;;;;;;;1;10;11;10;8;4;5;10;11;11;10;6;6;2
BAIC X55;;;;;;;;;;;2;;1;;1;;;;;;1;;;;;;3;6;7;3;1;1;1;4;5;3;9;6;3;4;10;8;8;5;3;2;7;;
IVECO 490 S;3;2;1;4;;2;;2;3;3;;;2;3;1;8;3;1;9;4;4;4;;1;2;2;1;2;4;6;9;7;3;;2;;;1;3;;1;;;;;;;;
VOLKSWAGEN GOL TREND;30;1;;48;19;4;;1;;;;;;;;;;;;;;;;;;;;;;;;;;;;;;;;;;;;;;;;;
HAVAL JOLION;;;;;;;;;;;;;;;;;1;;1;1;;;;;;;;1;1;2;;;;2;;1;6;5;6;4;4;3;6;12;12;11;12;6;
NISSAN SENTRA;8;2;4;;;3;3;7;5;4;2;;5;2;3;2;1;;2;3;;1;3;;1;;1;;1;2;3;;1;;1;;3;;;;3;3;2;5;3;7;1;;
VOLKSWAGEN VIRTUS;;1;1;3;9;13;1;4;2;1;2;;6;;4;1;;1;2;;;;;;;;;;;;;;;;;;;;;;;3;7;14;6;9;2;2;2
MALDONADO SEMIRREMOLQUE 3 EJES AUTODIRECCIONAL;1;1;4;2;4;3;3;1;2;4;;1;1;5;1;1;6;1;7;1;4;;2;2;;;;1;2;;1;;;1;;;1;2;8;1;2;4;4;;;4;2;;1
MERCEDES BENZ ATEGO 1721;4;;5;;1;2;;;2;4;1;;3;2;2;2;1;1;4;4;1;2;;;4;4;;1;1;1;2;;3;4;1;;3;;2;2;;3;6;5;2;3;3;;
FORD F-150;3;5;3;2;;1;2;;;;;;1;2;3;3;5;2;3;2;1;;;;1;1;1;2;;;;;4;;2;;7;2;2;2;5;3;7;4;4;2;2;;1
HAVAL H6;;;;;;;1;;;;;;;;1;1;1;;;;;;;1;;;2;;;;1;1;2;1;;;;;;1;;1;10;4;20;15;16;7;3
FIAT TITANO;;;;;;;;;;;;;;;;;;;;;;;;;;;;;;;;;;;;;;;;;;;1;7;16;29;12;12;9
HYUNDAI CRETA;2;3;;3;3;2;;2;2;1;;;2;1;1;2;1;1;1;4;;3;2;;1;2;1;2;1;3;1;1;1;2;1;;5;3;3;1;5;5;4;2;;1;1;4;
MERCEDES BENZ ATEGO 1729 S;;;1;;;;;;;1;6;;2;1;2;;2;3;3;5;;8;1;;;3;;3;2;1;6;3;4;8;4;1;8;;1;1;1;;;;;;;;
MERCEDES BENZ ACTROS 2545;;;;;;;;;;;;;;;1;;;;1;;;;;;;;;;;;;1;1;;1;1;2;10;4;5;4;4;8;11;10;3;4;1;5
MERCEDES BENZ OF 1621;2;4;1;;10;4;6;3;2;2;;;16;10;1;;;;;;1;;;;;;;;;;;;12;;;;;;;;;;2;;1;;;;
MERCEDES BENZ ACCELO 815;1;3;3;;;;2;2;1;4;2;;5;;1;1;4;4;2;3;;3;5;;3;3;1;3;1;1;2;4;2;4;1;;3;1;;;1;;;;;;;;
HINO 300;;;1;1;;;;;2;;;;;;3;7;5;6;9;7;2;3;3;2;1;1;;;1;2;4;1;4;;1;1;;;;;;;2;;1;1;;;
MALDONADO 3 EJES;;3;4;1;4;2;1;4;1;1;;2;4;;2;2;2;;4;2;1;2;;;1;;;;;;;1;1;;2;1;1;1;2;1;1;6;3;1;3;;1;1;1
HONDA ZR-V;;;;;;;;;;;;;;;;;;;;;;2;;;4;;4;6;7;2;7;;6;2;1;2;2;1;3;4;3;1;3;1;1;5;1;;
IVECO 260 E;;2;;1;1;;1;;3;;1;1;1;5;1;1;1;1;3;2;2;5;;3;3;;;;;;;1;;3;2;2;5;3;;2;3;;1;;;2;;2;
MERCEDES BENZ ATEGO 1726;1;;1;1;1;;;1;1;2;;;2;;;;1;1;1;2;;;;;;1;;5;6;16;;10;;4;1;;;2;1;;;;1;;;;1;;
IVECO TECTOR;1;;;1;1;;;;2;;1;;;2;;;;;;2;4;2;4;1;;;1;;1;;1;;;1;1;2;3;2;2;2;2;3;3;3;4;;;9;
VOLKSWAGEN TIGUAN;;;;;;1;1;1;;1;;2;1;1;;3;1;1;;2;;;;;;2;2;;1;3;;1;1;2;1;1;4;;3;3;4;4;2;4;;3;3;;1
PEUGEOT 3008;2;3;2;6;2;4;3;6;2;1;;;4;5;;1;;1;2;3;;;;;3;1;3;1;1;;;;1;;1;;;;;;;;;;;;;;
SOLA Y BRUSA BDAS. VOLC. 3 EJES- 1 DESPLAZ. SUSP. NEUM. DIREC.;;1;;1;1;;3;3;1;;1;;1;;;1;;1;1;2;1;1;1;1;;1;1;;2;;4;;2;6;;2;;4;4;4;2;;;2;;1;1;;
FORD EVEREST;;;;;;;;;;;;;;;;;;;;;;;;;;;;;;;;;;;;;;;;;;6;16;11;4;9;3;2;5
RAM 1500;6;5;4;3;3;2;1;;;;;;2;;;;;;;;;;2;1;1;2;1;2;1;1;2;;;2;1;;1;;1;4;1;2;;;1;1;1;;
CHERY TIGGO 4;1;;2;2;1;1;;1;;2;;;1;;1;;;1;;;;1;;;;;;1;5;2;;;1;1;2;;3;4;2;1;;1;;4;;3;5;2;2
SCANIA K450;;;;;;;;;;;;;;;;;;;;;;;;;;;;;;;;;;2;6;;4;;;2;7;1;2;4;2;;6;17;
BAIC X35;;;1;;;2;;1;;;;;;;;1;1;1;1;1;;;1;;1;;3;2;3;1;3;;1;3;1;2;1;2;3;3;5;2;2;;;1;1;;
AUDI Q3;1;;;;1;;2;;1;1;1;;;1;;;;1;3;1;1;1;;;;;1;1;;;3;;2;4;1;2;1;4;3;3;1;2;;1;1;3;;;1
NISSAN X-TRAIL;;1;1;1;;;1;1;1;;;;1;;1;;;;2;1;1;1;3;2;1;;1;;2;;1;1;1;1;;1;2;1;2;;;1;;4;1;9;1;;1
VOLVO FH 500;1;;1;1;3;4;1;;3;;;5;;1;;1;2;;2;;;;1;;1;;;1;;;;;1;1;1;1;3;;;2;1;3;3;3;1;;;;1
SCANIA G410;1;1;2;5;;2;2;4;;;1;;;2;2;1;;;3;2;2;2;2;;1;;;1;3;;;;;1;2;;1;1;1;;1;;2;;;;;;
VOLKSWAGEN VENTO;2;1;;;1;;;1;;;1;1;1;;;;;3;2;2;1;;1;;2;;;;;;2;3;2;4;;;;5;2;5;;;1;2;2;;1;;
BAIC BJ30;;;;;;;;;;;;;;;;;;;;;;;;;;;;;;;;;;;;;;;2;;;;;3;10;12;18;1;1
CORMETAL SCXB21;;1;3;3;2;;1;;2;;;1;;1;;2;3;;2;;;3;3;;;5;1;;1;;1;;;2;;;3;;3;;;;1;1;1;;;;
JEEP COMMANDER;;;3;4;1;3;1;1;;;;2;2;;;1;3;2;;;;;;;2;1;;1;;;;1;1;;1;;;;2;;3;2;2;2;2;2;;1;
VOLKSWAGEN 17280;1;;;;3;;1;1;1;;;;1;1;;1;;1;;1;;;;;;5;;1;3;1;9;2;3;;;;;;;3;1;2;;2;;;1;1;
CITROEN JUMPY;;1;;;1;1;1;2;1;;;1;3;1;1;;;1;2;;;;;;;;;;;;1;1;3;;2;;1;;;3;3;1;4;4;1;;3;1;
RANDON SR.CG-02+01;3;;2;;2;3;2;1;3;;1;2;1;8;;;1;1;;;1;;;;;;1;;;;;1;;1;1;;;;;6;;2;;1;;;;;
SCANIA G460;;;;;;;;;;;;;;;;;;;;;;;;;;;;;;;;;;;;;;3;1;2;3;8;4;9;5;5;2;1;
CHEVROLET TRAILBLAZER;3;;;1;;;1;;;1;;;1;;;;;1;1;;;1;;;;;;;2;;;;2;1;;1;;;;1;3;2;4;3;2;5;3;;1
CHEVROLET EQUINOX;;2;1;;1;2;1;;1;;;2;2;1;2;;4;1;2;3;;;;;;;;;;;3;6;5;;;;;;;;;;;;;;;;
BONANO SEMIRREMOLQUE TERMICO DE 1D+2D EJES;;;;1;;3;1;;1;;;;;3;;;;1;1;1;;1;4;;;;;1;;;2;2;2;2;1;1;1;1;1;1;1;2;;1;1;;1;;
HONDA CRV;;;;;1;;1;;3;;;1;;;4;2;3;1;1;;;1;1;1;;;1;;;;2;;;4;1;1;1;;2;;2;1;1;;;;;1;
PEUGEOT BOXER;5;;;2;3;2;1;2;1;1;1;1;2;;;;;1;;1;;;;;;;;;;;;1;;3;1;;;1;;;;;3;1;1;2;;1;
VOLKSWAGEN CONSTELLATION 17.280;;;;;;;;;;;;;;;;;;;;;;;;;;;;1;;;;;4;5;2;;1;3;5;2;;3;;4;2;3;1;;1
HELVETICA SR 3E 1+2 BV;;;2;1;1;;;;1;;;1;1;;;;;;;1;;12;1;;1;;1;;;;;;;1;1;;2;2;1;;4;1;;;1;;;;
HERMANN BARANDA VOLCABLE S.BV.3E.67 2+1;;;3;1;1;2;5;1;2;3;;;1;;2;4;;3;1;;1;;;;;;;;;;2;;;;2;1;;;;;;;;;;;1;;
AUDI Q5;;;;;;;;;1;;;;1;1;2;;;;;1;;;;1;;;;;1;;1;2;1;1;3;;4;;;2;2;3;1;3;;2;1;1;
DANES ST 3EC DD;1;1;1;;2;1;3;;3;4;;;1;;;;;1;3;2;;;;;;;;1;1;;3;;;;;1;;;;;2;;;1;;;;3;
CHANGAN MD201;;1;2;;;2;;2;2;2;1;1;;1;3;1;1;;3;;;2;1;;1;;;;2;;1;1;;;;;1;;1;;1;;;;;;1;;
FOTON AUMAN;;;;;;;;;;;;;;;;;;;;;;;;;;;;;;2;;;;;;;;1;;2;3;9;1;5;1;2;1;7;
KIA K3;;;;;;;;;;;;;;;;;;;;;;;;;;;;;;;;;;;;;;;;6;5;2;3;7;4;3;;4;
MERCEDES BENZ A200;;;;1;;;;1;;1;;;1;1;1;;;1;1;1;2;3;;;2;1;2;;1;2;2;;;;;;2;2;;;1;1;3;;1;;;;
SALTO SCV3E;;;;;;;;;;;;;;;;;;;;;;1;4;;;;1;;1;;;;;;;;;1;;;2;3;3;1;1;;;16;
CITROEN JUMPER;1;3;;1;2;4;3;2;1;2;;;1;1;2;1;;;1;;;;;;;;;;1;;1;;;2;1;;;1;;;;;;;;1;1;;
KIA K2500;1;1;;1;;1;1;;;;;1;;;;;;;;;;1;;1;1;1;;1;2;2;;2;;2;2;;3;3;1;1;4;;;;;;;;
MITSUBISHI L200;;;1;1;;;;1;;;;;;;2;;1;;;2;1;;;;;1;;;;;;;1;2;;1;;1;1;;1;1;5;3;3;2;1;1;
AUDI A3;;;;;;;;;;;;;;;;;1;;1;;1;2;;;;1;1;3;;1;1;1;2;;;;1;;2;2;1;2;4;1;1;1;2;;
CHEVROLET SILVERADO;;;;;;;;;;;;;;;;;;;;;;;;;;;;;;;;;;;;;6;;1;5;2;2;2;6;5;2;1;;
FOTON AUMARK;;;;;;;;;;;;;;;;2;;;;;1;1;1;;;;;;;;3;2;5;2;;1;;1;1;1;1;1;1;3;1;1;2;1;
MERCEDES BENZ ACCELO 1016;1;;;1;1;;;;2;;;;1;;3;;;1;;;1;1;3;;;;;;;;1;1;2;;2;1;3;5;2;;;;;;;;;;
IVECO 240 E;2;2;;1;;;;;;;1;;;;;1;2;1;;;1;1;1;;;;1;1;;;3;;;;;;;;2;;;7;1;2;;1;;;
IVECO 600 S;1;1;3;1;1;1;1;1;1;;;;1;1;;;4;1;1;;;;;;;;;;3;;2;1;3;1;;;1;;;;;;;;;;;;
KYC MAMUT;1;;;1;1;4;1;1;2;2;;;;;1;;;;2;1;1;1;;2;;1;;;1;;1;1;2;;;1;2;;;;;;;;;;;;
MERCEDES BENZ GLC 300;1;;;;1;;1;;;;;;;;;;1;1;1;1;;;;;;2;1;1;1;;3;1;;2;;;2;1;1;3;1;;1;2;;1;;;
MERCEDES BENZ VITO;1;2;;;;;;;;1;;;1;;1;1;1;2;;1;3;;;;;;3;;;1;;2;;1;;;;;;;;;2;2;;4;1;;
PEUGEOT 308;24;2;3;;;;1;;;;;;;;;;;;;;;;;;;;;;;;;;;;;;;;;;;;;;;;;;
SALTO SRV3E;1;;;1;;;3;2;;1;2;1;2;1;;5;1;;2;1;3;2;;;;1;;;;;;;;;;;;;;;;;1;;;;;;
SCANIA G450;1;;;;;;;2;2;2;1;;;;2;;;;;1;;1;1;;;;;;;;;1;2;2;3;2;3;;4;;;;;;;;;;
BMW X3;1;;;;;1;;;;;;;1;;;;2;5;;;;;;;;2;;1;1;;;;;;1;;;;1;;1;;1;2;3;3;1;2;
IVECO 150 E;;;;;;1;;1;1;;1;1;1;1;1;1;1;1;3;3;1;;1;1;1;2;1;;;;;;;1;2;;1;;;;;;;;;;1;;
SALTO SRBV3E;;2;4;2;2;;2;;1;;2;1;;;;5;;2;;;;;1;1;;;;;;1;;1;1;;;;;;;;1;;;;;;;;
IVECO TECTOR 90-190;2;1;1;;1;;1;1;;1;;;;;;;;2;;;2;;2;1;1;;;;;1;;2;2;2;;;1;;;;1;1;2;;;;;;
LAMBERT S12IP;;3;1;;1;1;;;;;;;;1;1;;1;1;;1;;;;;1;;;;;1;1;2;1;;1;;;1;2;1;2;;;;1;2;1;;
MERCEDES BENZ ATEGO 1932;;;;;;;;;;;;;;;;;;;;;;;;;;;;;;;;;;;;;;;1;4;6;3;6;2;4;1;1;;
TOYOTA RAV4;2;1;2;;2;;1;1;;;;2;;;1;;1;;;;;;;;;;;;;;;;;;;;;;;1;;1;3;5;1;1;1;1;1
VOLVO XC40;;1;;;2;1;1;;1;;;;;1;4;;;;;1;;2;;;;;;1;;3;;4;;1;1;;2;1;;;;;1;;;;;;
BMW X1;1;1;1;1;2;;1;;1;;;;;;;;;;;;;;1;1;;1;;;;;;;;3;;;2;1;1;;;2;3;;;2;2;;
OMBU SBVT3E2+1;;1;;;;;;1;1;;;1;;2;;;;;1;;1;1;;;3;2;1;;;;;;;;1;;;;;;5;;1;;1;4;;;
PEUGEOT EXPERT;;;;1;1;1;3;;2;1;;;2;;;;;;;;;;;;;;;;;;;;2;1;;;1;1;;4;3;3;1;;;;;;
SCANIA/MARCOPOLO K440;7;;9;;;;;7;4;;;;;;;;;;;;;;;;;;;;;;;;;;;;;;;;;;;;;;;;
VOLKSWAGEN DELIVERY 11.180;;;;;1;;;;;;;;;;1;;;1;;1;;2;;;;2;;;1;2;3;2;;2;1;;1;;;2;;1;;2;;;2;;
MERCEDES BENZ ATEGO 1729;;1;;;1;1;;;;1;;;1;;;;;;1;;1;;;1;;2;;2;;1;3;1;2;;;;;1;;;;;3;;1;;1;1;
ZANELLA Z TRUCK;;6;;1;;1;;3;;;;;;;;;1;;;1;;1;;;;;;1;1;;1;1;1;;;1;1;;1;;;1;;1;;1;;1;
MERCEDES BENZ AXOR 2544;;2;1;;2;;;;1;;;;1;;;1;;2;1;;1;;;;1;2;;1;1;2;;1;1;;1;;3;;;;;;;;;;;;
LAMBERT S12BVT;;;2;1;1;;;1;;;;;;;1;;1;;;;;12;;;;;1;;;;;;;;;1;;;;;1;;;;1;1;;;
MERCEDES BENZ ACTROS 2548;1;;2;1;;;2;1;;;;;1;;1;;1;;;;1;2;;;;;1;;1;;;;;;;;;1;2;2;;;2;1;;;1;;
VOLKSWAGEN CONSTELLATION 17.230;;;;;;;;;;;;;;;;;;1;;;;;;;1;;;;;;1;;2;1;1;1;3;9;2;;1;;;1;;;;;
IVECO 450 C;1;;1;1;1;2;;1;;1;;;1;;1;1;;;1;2;;2;;;;;;;;;1;;1;1;;;;;;;2;1;1;;;;;;
MERCEDES BENZ ATEGO 1732;;;;;;;;;;;;;;;;;;;;;;;;;;;;;;;;;;;;;;;4;1;2;4;1;6;1;1;3;;
MERCEDES BENZ AXOR 3344;;;;;;;;;;;;;;;;;;;;;;1;;;;;;;;;;;;1;1;1;4;2;;5;;2;;1;;4;1;;
RANDON SR BA 02 + 01;;;;1;;;1;;2;2;;;1;;;1;1;;;2;;;1;;;;;;;;1;;1;;;1;1;;1;1;;1;;;1;1;2;;
VOLVO FM 410;2;;2;2;1;2;;4;2;;;;;;;;;;;;;;;3;;;;;;;;;;1;;;;;;;;;1;1;;1;1;;
AUDI A1;;;;;1;1;2;;;;1;1;1;;;;1;;;;;;;;;;1;1;;;;;;;1;;1;1;;3;1;1;1;2;;;;;1
GRASSANI SG3-30TT;3;;6;;1;;;;4;1;;1;;;;;;;;;;1;;;4;;;;;;;1;;;;;;;;;;;;;;;;;
RENAULT MASTER;;;;;;;;;;;;;;;;;1;1;;;;;;;1;;1;;2;;1;;;;;;1;1;;2;2;1;2;3;3;;;;
SCANIA R460;;;;;;;;;;;;;;;;;;;;;;;;;;;;;;;;;;;;3;1;;;;3;;2;3;2;6;;1;1
HELVETICA SR 3E T BV;;;2;;2;;2;;;;;;;;1;;;;;1;;1;;;;;;;;;;2;;;;;;3;1;;2;;;;4;;;;
MERCEDES BENZ ACTROS 2045;;;;1;;1;;;;;;;;;;;;2;;;;;;;;1;;;1;;;;1;;;1;2;1;;;2;2;2;;2;1;;1;
RANDON SR.FG.02+01;;1;;1;1;1;;;;;;;;;;;;;;1;;;;;;;;;;1;;1;;;;;2;;1;1;;;;4;1;2;;3;
RENAULT ARKANA;;;;;;;;;;;;;;;;;;;;;;;;;;;;;;;;;;;;;;;;;2;2;1;3;6;3;2;1;1
BMW 118;2;;;;;;1;1;;;;1;;;;;;;1;;;;;;;;;1;2;;1;1;;;;;;;;1;2;2;;1;1;1;1;;
BYD SONG PRO;;;;;;;;;;;;;;;;;;;;;;;;;;;;;;;;;;;;;;;;;;;;;;2;9;6;3
CITROEN C5 AIRCROSS;;;;;;1;1;3;2;;;;1;1;1;;;;;1;;2;;;1;;;;;;2;;;2;;;1;1;;;;;;;;;;;
FIAT DUCATO;2;1;;;1;2;4;6;2;1;1;;;;;;;;;;;;;;;;;;;;;;;;;;;;;;;;;;;;;;
FORD MUSTANG;1;;;;;1;;1;;;;;;1;;1;2;2;;1;;;1;;1;1;;;;;;;;;;;4;;;;;;1;;;2;;;
LAMBERT S12PL;1;1;2;2;;;;;1;1;1;1;;;3;;1;;;2;1;;;;;1;;;;;;;;1;;;;;;;;1;;;;;;;
SCANIA K280;;;;;;;;;;;;;;;;;;;;;;;;;;;;;19;1;;;;;;;;;;;;;;;;;;;
VOLKSWAGEN DELIVERY 9.170;;;;1;;;1;;;;;;;1;;;;1;;;;;;;;2;;1;;1;;;1;1;;;6;2;1;1;;;;;;;;;
CHERY TIGGO 7;;;;;;;;;;;;;;;;;;;;;;;;;;;;;;;;;;;;;;;;;;;;;;6;5;6;2
FOTON TM2;;;;;;;;;;;;;;;;;;;;;;;;;;;;;;;;;;;;;;;3;;2;2;5;2;2;2;1;;
MERCEDES BENZ GLA 200;;;;;;;1;;;;;;;;;;;;4;;1;;1;;;;1;;1;;1;1;;;1;1;;;2;;1;;;1;1;1;;;
JMC N 900;;;1;;1;;;;;;;1;1;;;;1;;;1;;;;1;;1;;;;;;;2;3;2;;;;;1;1;;;;1;;;;
MALDONADO 1+1+1 SNT ABS/EBS;;;3;3;1;;;1;;2;;;;;;;3;;;1;;;;;;;;;;;;;;;;1;1;;;;;;;;2;;;;
MERCEDES BENZ ACCELO 1116;;;;;;;;;;;;;;;;;;;;;;;;;;;;;;;;;;;;;;;1;7;3;2;;1;;4;;;
MERCEDES BENZ ACCELO 916;;;;;;;;;;;;;;;;;;;;;;;;;;;;;;;;;;;;;;;1;4;1;4;1;1;1;3;1;1;
SHACMAN X5000;;;;;;;;;;;;;;;;;;;;;;;;;;;;;;;;;;;;;;4;2;3;1;1;1;;3;3;;;
SUZUKI JIMNY;;1;;;;;;;;;;;1;;;;;;;;;;;;;;;;;;;;1;;1;;;1;;2;;4;4;;1;2;;;
VOLVO FH 420;1;1;;;3;2;;;;1;;;;;;;;;1;;;;;;;;;;;;;;1;;;;1;1;1;;;1;1;;1;2;;;
IVECO 800 S;1;;1;;;;1;;;;1;;1;;;;;;;3;;;;;;;;2;;;1;;;;1;;1;;;3;;;1;;;;;;
KAMA X1;;;;;;;;;;;;;;;;;;;;;;;;;;;;;;;2;;;;;;;2;2;1;1;1;;1;1;5;;1;
MERCEDES BENZ AXOR 2036 S;1;;1;;1;;;;;;;;;;;;;;;1;;1;;;;;;;2;;2;4;;2;;;2;;;;;;;;;;;;
RENAULT CAPTUR;4;1;4;;;;1;;;;4;1;1;1;;;;;;;;;;;;;;;;;;;;;;;;;;;;;;;;;;;
SOLA Y BRUSA VOLCADOR 3 EJES-1 DESPLAZ. SUSP. NEUM.DIREC.;;2;;1;;;;;;;;;;;;;;;3;;1;;1;;1;;;2;1;;;;;;;;1;;2;;;;1;1;;;;;
BMW X2;1;;;;1;;;;;;;;;1;;;1;;;;;;;;1;;;;;;;;;;1;2;1;;3;;;1;;;;1;1;1;
MERCEDES BENZ GLB 200;1;1;1;;;;;;;2;;;;;;;2;;;1;;1;1;;;;;1;1;;1;;;;1;;;;;;;;1;1;;;;;
SCANIA R450;;2;2;2;1;1;;1;;;;;;;;;1;;2;;;;;;;;;3;;;;;;;1;;;;;;;;;;;;;;
VOLKSWAGEN METEOR 28.460;;;;;;;;;;;;;;;;;;;1;1;;2;;;;1;;;;;;2;;;;;2;2;2;;;;1;1;1;;;;
DFSK C31;1;1;;;;1;2;;;;;1;;;;;;;;;;;;;;;;;;;;;;;;;2;;;;;;1;2;2;;2;;
HYUNDAI HB 20s;;;;;;;;;;;;;;;;;;;;;;;;;;;;;;;;;;;;;;;;;1;3;2;4;2;2;;1;
HYUNDAI TUCSON;1;;1;;;;;;;;;;;;;;;;;;;;;;;;;;;;;;1;;;;;2;;;2;1;2;2;1;1;;1;
RANDON SR.BA.03;;;;;1;;;2;1;;;;2;;;;;;;1;;1;;;;;;;;;;;1;;;;;;1;;;1;1;;1;1;1;;
VOLKSWAGEN DELIVERY 9.180;;;;;;;;;;;;;;;;;;;;;;;;;;;;;;;;;;;;;;;;;2;6;2;;;3;;2;
CHEVROLET SPARK;;;;;;;;;;;;;;;;;;;;;;;;;;;;;;;;;;;;;;;;;;;;2;8;1;2;;1
IVECO 180 C;;;;;;1;1;;;2;;;;;;;;;;;;;;;;;;;2;2;;;;1;;;;;2;2;;;;1;;;;;
IVECO S-WAY;;;;;;;;;;;;;;;;;;;;;;;;;;;;;;;;;;;;;;;;;;;;;3;5;6;;
MERCEDES BENZ GLA 250;;;1;;1;;;;;;;;;;;;;;;2;;;;;;;;;;;;;;1;1;;;;1;1;1;;2;2;;1;;;
MERCEDES BENZ LO 916;;1;;;;;3;;;;;;;;;;1;;;;;;;;;;;;4;;;;;;;;3;;;;;1;;;1;;;;
MITSUBISHI OUTLANDER;;;;;;;;;;;;;;;;;;;;;;;;;;;;;;;;;;;;;1;;;1;;;2;3;2;1;;4;
PEUGEOT 408;5;6;2;1;;;;;;;;;;;;;;;;;;;;;;;;;;;;;;;;;;;;;;;;;;;;;
PEUGEOT NUEVO 3008;;;;;;;;;;;;;;;;;;;;;;;;;;;;;;;;;;;;;;;;;;;;2;5;3;2;1;1
RANDON SR-CG-02+01 14.50 MTS LARGO;;2;;2;;;1;;;;2;1;;1;1;;1;3;;;;;;;;;;;;;;;;;;;;;;;;;;;;;;;
BMW 330;;;1;2;;;;;2;;;;;;;;;;1;;;1;;;;;;;;;;;;;;;;;;;1;2;1;;1;;;1;
GREAT WALL POER;;;;;;;;;;;;;;1;1;1;1;1;1;;;;1;;;;;;;;;1;;1;2;;;;;;;;;;1;1;;;
IVECO 410 T;;;;1;;;;1;1;;1;;1;2;;;;;;;2;;3;;;;;;1;;;;;;;;;;;;;;;;;;;;
MERCEDES BENZ C300;;;;;;;2;;;;;;1;;;1;;;;;;;;;;;;1;;2;1;;;;;1;;;;;;;;2;;;1;1;
VOLKSWAGEN CONSTELLATION 32.360;;;;;;;;;;;;;;;;;;;;;;;;;;;;;;;;;;;;;;;;1;3;8;1;;;;;;
ASTIVIA S3-TANQUE CORR.COMB.INF;;2;3;;;;;;;1;1;;;;;;;;;1;;;;;;1;;;;;;;;;;;;;;;2;;;1;;;;;
CHERY TIGGO 2;;;1;;2;2;1;3;;;;;;;;;;;;;;;;;;;1;1;;;;;;1;;;;;;;;;;;;;;;
FERBUS KAISEN 480 1E;;;;;;;;;;;;;;;;1;;1;2;1;1;;;;;1;;;;;;1;;;;1;;;;;;;1;;;;2;;
IVECO 170 S;;;;;;;;;;;;;;;;;7;;;;;;;;;;;;;;;;;;;;;;;;;2;1;2;;;;;
IVECO 460 S;;1;;1;;1;;1;;;1;1;;;;;1;;;;;;1;;;;;;;;1;;2;;;;;;;1;;;;;;;;;
MERCEDES BENZ OF 1721;;;;;;;;;;;;;;;;;2;;;;;;;;;;;;;;;;;;;;;;5;;1;;;;2;2;;;
MINI COUNTRYMAN;2;;;;;1;;;;;;;1;;;;;;;;;;1;;;;;;1;;;1;;;1;;;;;2;1;1;;;;;;;
MINI MINI COOPER;;;;;;;;;;;;;;;;;1;;;;;1;;1;;;;;;;1;;1;;1;;1;1;;;1;;;;1;1;;1;
RENAULT NUEVO MASTER;;4;;1;2;1;;1;;;;;;;2;;1;;;;;;;;;;;;;;;;;;;;;;;;;;;;;;;;
AGRALE A8700;;;1;;;;;;;;;;;;;;;;;;1;1;;4;;;;;;;;;;1;;;;;;;1;;;;2;;;;
AUDI Q2;1;;;;;;;;1;;;;;;;1;;;;1;1;;;;;;;;;1;1;;;;;;;;;;;;1;;2;1;;;
BULL TRAILER SR 46.7-2114;;;;;;;;;;;;;;;;;;4;;;1;2;;2;;1;;;;;;;1;;;;;;;;;;;;;;;;
CITROEN C4 LOUNGE;3;3;4;1;;;;;;;;;;;;;;;;;;;;;;;;;;;;;;;;;;;;;;;;;;;;;
CORMETAL SCXN31;;;;3;;;2;;1;;;;;1;1;;;;;;;;;;3;;;;;;;;;;;;;;;;;;;;;;;;
CORMETAL SSXB21;;;;;;;;3;;;;;;;;;;;;;;;;;;;;;;;;;;1;2;;5;;;;;;;;;;;;
DPA INOX METALURGICA SEMIRREMOLQUE CISTERNA 3E;;;1;1;;1;;;;;;1;;1;;1;;;2;;1;;;;;;;;1;1;;;;;;;;;;;;;;;;;;;
HELVETICA AC 3E BV;;1;;;;;1;1;;;;;;;1;;;;;;;;;;;;;;;;;;2;;;1;1;;;;1;;1;1;;;;;
IVECO TECTOR 150 E;3;1;;2;1;;1;;;;2;;;;;;;;;;;;;;;;;;;;;;1;;;;;;;;;;;;;;;;
MACTRAIL TU 17-8-M;;;;;;1;;1;;;1;1;;;2;;;;;;;;;2;;;;;;;;;1;;;;;;;;;;;;1;1;;;
MERCEDES BENZ AXOR 2536;;1;;;;1;;;1;;;;;;;;;;;1;;;;;;;;;;;;2;;1;1;2;1;;;;;;;;;;;;
MERCEDES BENZ GLB 250;2;;1;;;;;;1;;1;;;;1;;;;;;;;1;;;;;;;;;;;;;;2;1;;;1;;;;;;;;
RANDON RQ.CG.2+2;;;;;;;;;;1;;;1;;1;;;;;1;;;2;;;;;;;;1;1;;;;;;;;;;;;1;1;1;;;
AST-PRA FTHDCFW3 FURGON TERMICO 2+1 EJES;;;1;;;;;;;;;;2;;1;;;;;;;;;;1;1;;1;;;;;;;;;;;1;;;;;;;2;;;
AUDI A5;;;;;;;;;;;;;;;;;1;;;1;;1;;;;;;;;;;;;;;;;;;;;;2;;3;1;1;;
GREAT WALL WINGLE 7;;;1;;;;;;;;;;;;;;;;;1;1;;;4;;;;;;;1;;;;1;;;1;;;;;;;;;;;
HELVETICA SR 3E 1+2 PJ;;;;1;2;;;;;;1;;;1;;1;;;;;;;;;;;;;;;;1;1;;;;;2;;;;;;;;;;;
HERMANN VUELCO TRASERO S.VT.3E.83 2+1;;;;;;;;;;;;;;;;;1;1;1;1;;;;;;;;;;;1;;;;;;1;;;1;;;;1;;1;1;;
JAC S2;;;;;;;;;1;;;;;;;;;;;;;;;;;;;;;;;;;;;;;3;2;1;1;;1;1;;;;;
METALURGICA BELGRANO SEMIRREMOLQUE TANQUE 1+2 EJES FRENO TAMBOR;;2;;;;;1;;;;;;;;1;;;;;;;1;1;;;;;1;;;;;1;1;;;;1;;;;;;;;;;;
PATRONELLI SEMV21;;;;;;;;;;;;;;;;;;1;;;;;;;;;;2;;;;2;;;;1;;1;;1;;;1;1;;;;;
RANDON SR.CG.1+1+1;;;;;1;1;;;;;;;;;3;;;;;1;;;;;;;;;;;1;;;;;1;;1;;;;;;;;1;;;
RANDON SR.FG.03;;;;;;1;;;;;;;;;;;;;;;;;;;;;;;;;;;;;1;1;;;;;;1;;;;4;;2;
TOYOTA LAND CRUISER;;;1;;;;;;;;;;1;;;;;;;;;;;;;;;;;;;;;;;;;;;;;1;;;3;4;;;
VOLVO EX30;;;;;;;;;;;;;;;;;;;;;;;;;;;;;;;;;;;;;;1;;4;2;;1;2;;;;;
YUTONG ZK6128HG;;;;;;;;;;;;;;;;;;;;;;;;;;;;;;;;;;;;;;;;;;;;;;10;;;
ASTIVIA S3-PLAYO CON FRENTE;;1;1;1;;;;;;;;;;;;;;;;;3;;2;;1;;;;;;;;;;;;;;;;;;;;;;;;
AUDI A4;;;;;1;;2;;;;;1;;;;1;;;;1;;;;;;;;;1;;1;;;;;1;;;;;;;;;;;;;
BMW 430;;;1;;;;;;;;;;;;;1;;1;;1;;;;;;1;;;;;1;;;;;;;;;;;2;;;1;;;;
CORADIR TITO;;;;;1;;;1;1;;;;;;;1;1;1;;;;;;1;2;;;;;;;;;;;;;;;;;;;;;;;;
DONGFENG CAPTAIN W 412 DC;;;;;;;;;;;;;;;;;;;;;;;;;;;;;;;;;;;;;;;;;;;;;;1;;8;
FORD KUGA;3;;;1;;;;;1;1;;;;;;;;;;;;1;;1;;;;;;;1;;;;;;;;;;;;;;;;;;
SALTO SCBV3E;;;;;;;;;;;;;;;;;;;;;;;;;;;;;;;;;;;;;;;;7;;;2;;;;;;
SCANIA/MARCOPOLO K450;;;;;;;;;;;;;;;;;;;;;;;;;;;;;;;1;;;;;2;1;;;;2;;;;;;;3;
VOLKSWAGEN CONSTELLATION 14.190;;;;;;;;1;;;;;;;;;;;;;;;;;;;;;1;;;;;;;;2;;;2;1;1;;;1;;;;
VOLKSWAGEN CONSTELLATION 19.360;;;;;;;;;;;;;;;;;;;;;;;;;;;;;;;;2;1;;1;;;;;1;1;3;;;;;;;
VOLVO VM 330;1;;1;1;;2;1;;2;;1;;;;;;;;;;;;;;;;;;;;;;;;;;;;;;;;;;;;;;
ZANELLA Z TRUCK DUO;;;;;;;;;;;;;;;;;;;;;;;;;;;;;;;;;5;3;;;;;;;1;;;;;;;;
BMW 220;;;;;;;;;;;;;;;;;;;2;;;;;;;;;;;;;;;;1;1;;1;;;;;1;;1;1;;;
BMW 320;1;;;;;;;;;;;1;;;;1;;1;;;;;;;;;1;1;;;;;;;;;;1;;;;;;;1;;;;
BYD DOLPHIN MINI;;;;;;;;;;;;;;;;;;;;;;;;;;;;;;;;;;;;;;;;;;;;;;4;3;1;
BYD YUAN PRO;;;;;;;;;;;;;;;;;;;;;;;;;;;;;;;;;;;;;;;;;;;;;;;6;2;
DFSK C32;;;;;;;;;;;;;;;;;;;;;;;;;;;;;;;;;;;;1;1;;1;;;2;;3;;;;;
KIA SELTOS;;;;;;;;;1;;;;;;;;1;;;;;;;1;;;;;;;;;;;;1;;;;;1;;2;;1;;;;
LAMBERT S3PL;;;;;;;;;;;;;;;;;;;1;;;;;;;;;;;;;2;;;;;;4;;;;;1;;;;;;
NISSAN LEAF;;;;;;1;;1;;;;4;;;1;;;;;;;1;;;;;;;;;;;;;;;;;;;;;;;;;;;
RANDON SR.CG.02+01 14.50 MTS LARGO;;;;;;;;;;;;;;;;;;;1;;1;;;;;;;;;;;;;;;;;;;;;;;;1;;1;4;
SALTO SRCH2E;;;;;;;;;;;;;;;1;;;;;;;;;;;;;;;;;;;;;;;;2;;;;;3;2;;;;
SCANIA P410;;1;;1;;1;;;1;2;;;;;;1;;;;;;;;;;;;;1;;;;;;;;;;;;;;;;;;;;
TOYOTA C-HR;;;;1;;1;2;;;1;;;1;;;;;1;;;;1;;;;;;;;;;;;;;;;;;;;;;;;;;;
BAIC BJ40;;;;;;;;;;;;;;;;;;;;;;;;;;;;;1;;;1;;;;1;1;;;1;;;;1;;1;;;
BMW X5;;;;;;;;;;;;;;;;;;;;;;;;;;;1;;;;;;;;1;;2;1;1;;;;;;;;;1;
DFSK C35;;;;;2;;;;;;;;;;;;;;;;;;;;;;;;;;1;;;;;;1;;;;;;1;;;;1;1;
FORD BRONCO WILDTRAK;;;;;;;;;;;;;;;;;;;;;;;;;;;;;;;;2;;1;;;4;;;;;;;;;;;;
FOTON GRATOUR T3;1;;;3;1;1;1;;;;;;;;;;;;;;;;;;;;;;;;;;;;;;;;;;;;;;;;;;
FOTON TUNLAND;;;;;;;;;;;;;;;;;;;;;;;;;;;;;;;;;;;;;;;;;;;1;2;2;1;;1;
HERMANN BARANDA VOLCABLE S.BV.3E.67 1+1+1;;;1;;;;;;;;;;;;;;;;;1;;;;;;2;;;1;;;;;2;;;;;;;;;;;;;;;
HERMANN PALETERO S.PA.3E.71 2+1;;;;;4;;;;;;;;;1;;;;;;;;;1;;;;;;;;;;;;;;;;;;;;;;;;;1;
HERMANN PORTA CONTENEDOR S.PC.3E.58 2+1;;;;;;;;1;;3;1;;;;1;;;;;;;;1;;;;;;;;;;;;;;;;;;;;;;;;;;
IDEROL SEMI CARGA CONV. 3E 1D1D1D S111-BV;;;;;;;;;;;;;;;;;;;;;;;;;;;;;;;1;;;;;;1;1;;1;;;;;;;2;;1
IVECO 160 E;;;;;;;;;;;;;;1;1;;;;1;;;;;;;;;;;;2;;;1;;;;1;;;;;;;;;;;
IVECO 740 T;;;;;;;;;1;;;;1;1;;1;1;;;;;1;;;;;;;;;;;;;;;;;;;;;;;;1;;;
JETOUR X70;;1;1;;;;;1;1;;;;1;;;;;;;;;;;;;;;;;;;;;;;;;;;;1;;1;;;;;;
KIA CARNIVAL;;;;;;;;;;;;;;;1;;;;;;;;;;;;;1;;1;;;;1;1;;;;;1;;;;;;;1;;
KIA SPORTAGE;1;;;;;;;;;;;;;;;;;;;;;;;;;;1;;;;;;;1;;1;;1;1;;;;;;1;;;;
LAMBERT S12PC;3;;;1;;2;;1;;;;;;;;;;;;;;;;;;;;;;;;;;;;;;;;;;;;;;;;;
MACTRAIL TU 16-6-M;;;;;;;1;;;;;2;1;;;;;;1;;;;;1;;;;;1;;;;;;;;;;;;;;;;;;;;
MALDONADO SEMIRREMOLQUE 3 EJES TIPO BATEA VUELCO TRAS;;;;;;;1;;1;;;;;;;;;;;;;;;;;;;;;;1;;;;;;1;;;;1;;;;1;1;;;
MERCEDES BENZ AROCS 4848 K;;;;;;;;;;;;;;;;;;;;;;;;;;;;;;;;;;1;;;1;;1;;;2;;;;1;;1;
PEUGEOT 5008;;;;;;;;1;;;;;1;1;;;;;;;;;;;;1;;;;;;;;;;2;1;;;;;;;;;;;;
RENAULT DUSTER OROCH;;2;;4;1;;;;;;;;;;;;;;;;;;;;;;;;;;;;;;;;;;;;;;;;;;;;
RENAULT KOLEOS;;;;;;;;;;;;;;;;;;;;;;;;;;;;;;;;;;1;;;;;;;;;;;3;;2;;1
RENAULT MEGANE;;;;;;;;;;;;;;;;;;;;;;;;;;;;;2;;;;;;;;;;;2;2;;;;;;;1;
RUBIOLO A2O2;;;1;;;2;;;1;;;;;;;;;;;;;;;;3;;;;;;;;;;;;;;;;;;;;;;;;
SAYI SEMIRREMOLQUE TANQUE SE.TQ.03;;;;;;;;;;;;;;;;;;;;;;;1;;;;;;;;;;;;;;;2;;;;;;;4;;;;
SCANIA G500;;;;;;;;;;;;;;;;;;;;;;;;;;;;;;;;;;1;1;;;4;;;;;1;;;;;;
SCANIA R410;;;1;;;;;;;;;;;;;;;;;;;;;;;;;1;;;;;;;;;1;;;1;3;;;;;;;;
VOLKSWAGEN CONSTELLATION 24.280;;;;;1;;;;;1;;;;;;;;;;;;;;;;1;;;;;;;;;1;;1;1;;1;;;;;;;;;
VOLVO FH 540;;;;;;;;;;;;;;;;;;;;;;;;;;;;;;;;;1;;1;;;;;;;1;1;3;;;;;
VOLVO XC60;1;;;;;;;1;;;;;;;1;;;;;;;;;;;;;;;;;;;;;;;;;;1;1;;;;;1;1;
AGRALE MA 8.7;;;;;;1;;;;1;;;;;;;;;;1;;;;;;1;;;;;2;;;;;;;;;;;;;;;;;;
BAIC U5 PLUS;;;;;;;;;;;;;;;;;;;;;;;;;;;;;;;;;;;;;;;1;1;;;1;;;1;;2;
BMW X4;;;;;;;;;;;;;;;;;;;;;;;;;;;;;;;;1;;;;;;;3;;1;;;;;1;;;
BMW X6;;;;;;;;;;;;;;;;;;;;;;;;;;;;;;;2;;;;;;;2;1;;;;;;1;;;;
BULL TRAILER SR46.7 - 2111;;;;;;;;1;;;;3;;;;;;;;1;;;;;1;;;;;;;;;;;;;;;;;;;;;;;;
CORADIR TITA;;;;;;;;;;;;;;1;;;;;;;;;;1;1;;;;;2;1;;;;;;;;;;;;;;;;;;
DFSK K01H;;;;;;;;;;;;;;;;;;;;;;;;;;;;;;;;1;;;;;;;;2;;;;;2;;;1;
FERBUS KAISEN 570 2E;;;;;;;;;;;;;1;;;;;;;;;;;;;;;;;;;;2;;;;;;;1;1;;;1;;;;;
FIAT 600;;;;;;;;;;;;;;;;;;;;;;;;;;;;;;;;;;;;;;;;;;;;;;1;3;1;1
HELVETICA SR 3E 1+2 ST;;;;;;;;;;;;;1;;;;;;;;;;;;;;;;;;1;2;;;1;;;;1;;;;;;;;;;
HELVETICA SR 3E T PJ;;;;;;;;;;;;;;;3;;;;;;;;;;;;;;;;;1;1;;;;;;;;;;;;1;;;;
INDECAR SEMIRREMOLQUE TANQUE 3 EJES TANDEM;1;;;;;;;;2;;;;;2;;;;;;;;;;;;;;;;;;;;;;;1;;;;;;;;;;;;
KIA RIO;1;;;1;;;;1;1;;;;;;;;;;1;1;;;;;;;;;;;;;;;;;;;;;;;;;;;;;
LAMBERT S111BV;;;;;;;;3;;;;;;;;;;;;;;;;;;;;;;;;;;;;;;;;;3;;;;;;;;
MERCEDES BENZ A250;;1;;1;;;;;;;;;;;;;;;;;;;;;;;;;;;;;;;;;;1;;;;1;;1;;1;;;
MERCEDES BENZ AXOR 2041S;;2;1;1;;;1;;;;;;;;;;;;1;;;;;;;;;;;;;;;;;;;;;;;;;;;;;;
MIC SEMI CARGA CONVENC. 3 EJES 1+1+1 SCS111;;;;;;;4;;;;;;;;;2;;;;;;;;;;;;;;;;;;;;;;;;;;;;;;;;;
NIÑO JESUS DE PRAGA SCP5ETCD CARRETON;;;;;;;;;;;;;;;;;;;;;;1;;;;3;;;;;;;1;;;;;;;;;1;;;;;;;
SCANIA K440;;;;2;;;;2;;;;;1;1;;;;;;;;;;;;;;;;;;;;;;;;;;;;;;;;;;;
SOLA Y BRUSA BARANDAS VOLCABLES 3 EJES 1+1+1;1;;;;;;;;;;;;2;;;;;;1;;;;1;;;;;;;;;;;;;;;;;;;;;;1;;;;
BMW M240;;;;;;1;;;;;;;;;;;;;;;;;;2;;;;;1;;;;;;;;;;;;;;1;;;;;;
FERBUS KAISEN KAISEN 520 2E;;;1;;;;;;;;;1;;;;;;;;;;;;;;;;;;;;;;1;;;;;;;;1;;;;;1;;
FIAT NUEVO FIORINO;4;1;;;;;;;;;;;;;;;;;;;;;;;;;;;;;;;;;;;;;;;;;;;;;;;
FORD BRONCO;;;;;;;;;;;;;;;;;;;;;;;;;;;;;;;;;;;;;;;;;;;1;;4;;;;
H.C.MANCINI TVM 02 E;;;;;;;;;;;;;;;;1;;1;;2;;;;1;;;;;;;;;;;;;;;;;;;;;;;;;
HELVETICA AC 3E MP;;;;;;;;;;;;;;;;;;;;;;1;;;;;;;;;;;4;;;;;;;;;;;;;;;;
HELVETICA SR 3E T TA;;;;;1;;2;;;;;;2;;;;;;;;;;;;;;;;;;;;;;;;;;;;;;;;;;;;
HERMANN BARANDA VOLCABLE A.BV.4E.11;1;;;;;;;;;;;;;;;1;;;;1;;;;;;;;;;;;;;;;;1;;;;;;;;;1;;;
HONDA CIVIC;;;;;;;;;;;;;;;;;;;;;;;;;;;;;;;;;;;;;;;1;2;;;;;;1;1;;
HYUNDAI STARIA;;;;;;;;;;;;;;;;;;;;;;;;;;;;1;;1;;;;;;;;;;1;;;;1;;;;1;
IDERO SEMI CARGA CONV. 3E 1D2D - S12-P;;;;;;;;;;;;;;;;;;;;;;;;;;;;;;;;;;;;;;;;3;;;;;;2;;;
IDEROL SEMI CARGA CONV. 3E 1D1D1D S111-CS;;;;;;;;;;;;;;;;;;;;;;;;;;1;;;;;;;;;;;;;;;;;;;4;;;;
IDEROL SEMI CARGA CONV. 3E 3D S3-BV;;;;;;;;;;;;;;;;;;;;;1;;;;;;;;;;;;;;;3;;;;;;1;;;;;;;
INDECAR SEMIRREMOLQUE TANQUE 3 EJES (1+2);;;;;;;;;;;;;;;;;;;;;;;;;1;;;;;;;;;1;;;;;2;;;;;1;;;;;
IVECO 530 S;;;;1;;1;;;;;;;;;;;;;;;;;1;;;;;;;;;;;1;;;1;;;;;;;;;;;;
JAC JS4;;;;;;;;;;;;;;;;;;;;;;;;;;;;;;;;;;;;;;;;1;;2;;2;;;;;
MACTRAIL TU 19-10-M;;1;;;;;;;;;1;;;1;;;;;;;;;;1;;;;1;;;;;;;;;;;;;;;;;;;;;
MALDONADO SEMIRREMOLQUE 3 EJES TIPO CURTAIN SIDER;;;;;;1;;;;;;1;;;;;;;;;;;;;;;;;1;;;;;;;;;;;2;;;;;;;;;
MERCEDES BENZ AMG GLC 43;;;;;;;;1;1;;;;;1;;;;;1;;;;;;;;;;;;;;;;;;;;;;;;;;;;1;;
MERCEDES BENZ AMG GLE 53;;;;;;;;;;;;;1;;;;;;;;;;;1;;;;;;;1;;;;;;1;;;;;;1;;;;;;
MERCEDES BENZ ATEGO 2432;;;;;;;;;;;;;;;;;;;;;;;;;;;;;;;;;;;;;;;;;;;;1;;;1;3;
METAL LINIERS ML1+2-30;;;;;;;;;;;;;;;;;;;;;1;;;;;1;;;1;;;;;;;;;;;;;;;;1;1;;;
NAVARRO HNOS ACOPLADO DE 2 EJES;;;;;;;;;;;;;;;;;;;;;;2;3;;;;;;;;;;;;;;;;;;;;;;;;;;
NIÑO JESUS DE PRAGA SA2E;;1;;;;;;2;;;;;;;;;;;;;;;;;;1;;;;;;;;;;;;;;;;;;1;;;;;
OMBU SBV3E2+11450;;;;;;;;;;;;;;;;;;;;;;;1;;;;;;;;1;;1;;;;;1;;;1;;;;;;;;
PINCEN SFPLA 2+1E;;;;;;;;;;;;;;;;;;;;;;;;;;;;;;;;;;;;;5;;;;;;;;;;;;
RANDON SR.CG.03;;;;;;;;;;;;;2;;;;;1;;;;;;;;;1;;;1;;;;;;;;;;;;;;;;;;;
S STOESSEL SSVB3;;;;;;;;;;;;;;;;1;;;;;2;;;;;;;;;;;;;;;;;;;;;;;;;2;;;
SALTO CARRETON3E;;;;;;;1;;;;;;;;;;;;1;2;;;;1;;;;;;;;;;;;;;;;;;;;;;;;;
SALTO SRPC3E;;1;1;2;;;;;;;1;;;;;;;;;;;;;;;;;;;;;;;;;;;;;;;;;;;;;;
SCANIA G420;;;;;;;;;;;;;;;;;;;;;;;;;;;;;;;;;;;;;;;;;;;;;1;3;1;;
SCANIA P380;;;;;1;;;;;;;;;;;;;;;;;;;;;;;;;;;;;;;;;;;;;;1;;;;;;3
SCANIA R540;;;;1;;1;1;;;;;;;;;;;;1;;;;;;;;;;;;;1;;;;;;;;;;;;;;;;;
SOLA Y BRUSA BARANDAS VOLCABLES 4 EJES;;;;;;;;;;;1;;1;;;;;;;;;2;;;;;;;;;;;;;1;;;;;;;;;;;;;;
SUBARU CROSSTREK;;;;;;;;;;;;;;;;;;;;;;;;;;;;;;;;;1;;;;;;;;;;;1;3;;;;
ASTIVIA S3-TANQUE ALIMENTICIOS;;;;;;;;;;;;;;;;;;;;;;;;;1;;;;;;;;;2;;;;;;;;1;;;;;;;
BMW M135;;;;;;;;;;;;;;;;;;;;;;;;;;;;;;;;;;;;;;;;1;;;;;;1;2;;
BONANO SEMIRREMOLQUE TERMICO DE 2 EJES TANDEM + 1 EJE DIR;;1;;;1;;;1;;;;;;1;;;;;;;;;;;;;;;;;;;;;;;;;;;;;;;;;;;
BULL TRAILER SR46.7-2111;;;;;;;;;;;;;4;;;;;;;;;;;;;;;;;;;;;;;;;;;;;;;;;;;;
CARROCERIAS APEZ PEKIN;;;;;;;;;;;;;;;;;;;;;;;;;;;;;;;;;;2;;;;1;;;;;1;;;;;;
DM TRAILERS ACONCAGUA 380;;;;;;;;;;1;;;;;;;;;;;;;1;;;;;;;;;;;;;;1;1;;;;;;;;;;;
FERBUS KAISEN KAISEN 450 1E;;1;;;1;;;1;1;;;;;;;;;;;;;;;;;;;;;;;;;;;;;;;;;;;;;;;;
GRASSANI SG3-30TT;;;;;;;;;;;;;;3;;1;;;;;;;;;;;;;;;;;;;;;;;;;;;;;;;;;
HAVAL H2;2;;;2;;;;;;;;;;;;;;;;;;;;;;;;;;;;;;;;;;;;;;;;;;;;;
HELVETICA SR 3E 1+2 MP;;;;;;;;;;;;;;;;;;;;;;;;;;;;;;;;;;;;;;;;;;2;1;1;;;;;
MARCELINI SRC12NA;;;;;;;;;;;;;;;;;;;;1;;;;;1;;;1;;;;;;;;;1;;;;;;;;;;;;
MERCEDES BENZ ATEGO 2730;;3;;;;;;;;;;;;;;;;;;;;;;;;;;;;;;;;;;;;;;;;;;;;;1;;
METAGRO S-1+2 - BATEA A BS;;;1;;;;;;;;;;;;;1;;;;;;;1;;;;;;;;;;;;;;;;;;;;;;;1;;;
OMBU SBVT3E1+1+1;;;;;;;;;;1;;1;;;;;1;;;;;;;;;;;;;;;;;;;;1;;;;;;;;;;;;
OMBU SCS3E1+1+11450;;;;;;;;;;;;;;;;;;;;;;;;2;;;2;;;;;;;;;;;;;;;;;;;;;;
PEUGEOT NUEVO 5008;;;;;;;;;;;;;;;;;;;;;;;;;;;;;;;;;;;;;;;;;;;;;1;2;1;;
RANDON SR.SD.1+1+1;;1;;;1;;;;;;;;;;;;;;;;;;1;;;;;;;;;;;;;;;1;;;;;;;;;;;
SOLA Y BRUSA BARANDAS VOLCABLES 3 EJES;;1;;;;;;;;;;1;;;;;;;;;;;;;;;1;;;;;;;;;;;1;;;;;;;;;;;
SOLA Y BRUSA BARANDAS VOLCABLES 3 EJES TANDEM;;;;;;;;;1;;;;;;1;;;;;;;1;;;;;;;;;;;;;;;;;;;1;;;;;;;;
SOLA Y BRUSA PORTACONTENEDOR 3 EJES- 1 DESPLAZ. SUSP. NEUM. DIR;;;;3;;1;;;;;;;;;;;;;;;;;;;;;;;;;;;;;;;;;;;;;;;;;;;
VOLKSWAGEN 19360;;;;;1;;1;1;;;;;;;;;;;;;;;;;;;;;1;;;;;;;;;;;;;;;;;;;;
VOLKSWAGEN CONSTELLATION 25.360;;;;;;1;1;;;;;;;;;;;;;;;;;;;;;;;;;;;;;;;;;;;;2;;;;;;
VOLKSWAGEN CONSTELLATION 33.460;;;;;;;;;;;;;;;;;;;;;;;;;;;;;;;;;1;1;;;;;;2;;;;;;;;;
VOLVO FH 460;;;;;;;;;;;;;;;;;;;;;;;;;;;;;;;;;;;;;;1;;;;2;1;;;;;;
VOLVO VMX 350;;;;;;;;;;;;;;;;;;;;;1;;;;;;;1;;;;;;;;;1;;;;;1;;;;;;;
VOLVO XC90;;;;;;;;;;;;;;;;;;;;;;;;;;1;;;;;;;;;;;1;;;;;;;;2;;;;
ASTIVIA A2-PISO-8;;;;2;;;;;;;;;;;;;;;;;;;;1;;;;;;;;;;;;;;;;;;;;;;;;;
AUDI Q8;;;;;;;;;;;;;;;;;;;;;;;;;;;;;;;;;;;;;;;;1;;;;;;1;1;;
AUDI S3;;;;;;;;;;;;;;;;;;;;;;;;;;;;;;;;;;;;;1;;;;;;;1;;1;;;
BONANO SEMIRREMOLQUE BARANDA VOLCABLE DE 1D+2D EJES;;;;;;;;;1;;;;;;;;;;;;;1;;;;;;;;;;;;;;;1;;;;;;;;;;;;
BONANO SEMIRREMOLQUE JAULA GANADERA DOBLE PISO 3D;;;;;;;;;;;;;;;;;;;;;;;;;;;;1;1;;;;;1;;;;;;;;;;;;;;;
COMAR CARRETON SH-12;;;;;;;;;;;;;1;;;;1;;;;;;;;;;;;;;;;;;1;;;;;;;;;;;;;;
F.H. S.V.2.P.A 411;;;1;;;;;;;;;1;;;;;;;;;;;;;;;;;;;;;;1;;;;;;;;;;;;;;;
FERBUS KAISEN 400 1E;;;;;;;;;;;;;;1;;;;;;;;;;;;;;;;;;;;;;;;;;;1;;;1;;;;;
FERBUS KAISEN KAISEN 430 1E;;;;1;;;;;;;;;;;;;;;;;;;;1;;;;;;;;;;;;1;;;;;;;;;;;;;
FERBUS KAISEN KAISEN 480 2E;;;;;1;;;;1;;;;;;;;;;;;;;;;;;;;;;;;;;;1;;;;;;;;;;;;;
GREAT WALL TANK 300;;;;;;;;;;;;;;;;;;;;;;;;;;;;;;;;;;;;;;;;;;;;;1;;1;;1
GROSS SEMIRREMOLQUE VUELCO TRASERO (2+1) 9.90 MTS;;;;;;;;;;;;;;;;;;;;;;1;;;1;1;;;;;;;;;;;;;;;;;;;;;;;
HEIL ROAD KING 3ED TRIDEM;;;;;;;1;;;;;;;;;1;;;;;;;;;;;;;;;;;;;;;1;;;;;;;;;;;;
HELVETICA AC 4E 2+2 BV;;;;;;;;;;;;;;;;;2;;;;;1;;;;;;;;;;;;;;;;;;;;;;;;;;;
HELVETICA SR 3E T SD;;;;;;;;1;;;;1;;;;;;;;;;;;;;;;;;;;;;;;;1;;;;;;;;;;;;
HERMANN BARANDA VOLCABLE A.BV.3E.23;;;;;;;;;;;;;;;;;;;;;;;;;;;;;;;;1;;;;1;;;;1;;;;;;;;;
ISUZU NPR 75;;;;;;;;;;1;;;;;;;;;1;;;;;;;;;;1;;;;;;;;;;;;;;;;;;;;
IVECO 10-190;;;;;;;;;;;;;;;;;;;;;;;1;;;;;;;;;;;1;;;;;;;;1;;;;;;;
JEEP GRAND CHEROKEE;;;;1;;;;;;;1;;;;;;;;;;;;;;;;;;;;1;;;;;;;;;;;;;;;;;;
JMC GRAND AVENUE;;;;;;;;;;;;;;;;;;;;;;;;;;;;;;;;;;;;;;;;;;;;;;1;;2;
JMC N 800;;;;;;;;;;;;;;;;;;;;;;;;;;;;;;;;;;;;;1;;1;;;1;;;;;;;
LAMBERT S12VO;;;;;;;;;;;;;;;1;;1;;;;;;1;;;;;;;;;;;;;;;;;;;;;;;;;;
MACTRAIL TU 20-10-M-2;;;;;;;;;1;;;;;;;;;;;;;;;;1;;;;;;;;;1;;;;;;;;;;;;;;;
MALDONADO SEMIRREMOLQUE PLATAFORMA BAJA;;;;;;;;;;;1;;;;;;;;;;;1;;;;;;;;;;;;;;;1;;;;;;;;;;;;
MERCEDES BENZ ACTROS 2651;;;;;;;;;;;;;;;;;;;;;;;;;;;;;;1;;;;;;;1;;;;;;;;;1;;;
MERCEDES BENZ CLA200;;;;;;;;;;;;;;;;;;;;;;;;;;;;;;;;;;;;;;;;;;1;;1;;1;;;
METALURGICA BELGRANO SEMI TANQUE 3 EJES TANDEM CARGA PELIGROSA;1;;;;;;;;;;;;;;;;;2;;;;;;;;;;;;;;;;;;;;;;;;;;;;;;;
MONTESUR SBV3;;1;;;;;;;;;;;;;;;;;;;;;1;;1;;;;;;;;;;;;;;;;;;;;;;;;
NIÑO JESUS DE PRAGA SA2ET;;;;;;;;;;;;1;;;;;;;;;1;;;;;;;;;;;;;;;;;;;;;;;;;;1;;
NIÑO JESUS DE PRAGA SCD3ETCD CARRETON;;;;;;;;;;;;;;;;;;2;;;;;;;;;;1;;;;;;;;;;;;;;;;;;;;;
NIÑO JESUS DE PRAGA SCP3ETCF CARRETON;;;;;;;;;;;;;;;;;;;;;;;;;;2;;;;;;;;;;;;1;;;;;;;;;;;
NIÑO JESUS DE PRAGA SRD3ET;;;;;;;;;;;;;;;;;;;;;;;;;;;;1;;;;;;;1;;;1;;;;;;;;;;;
NIÑO JESUS DE PRAGA SRP2ET;;;;;;;;;;;1;;;;;;;1;;;;;;;;;;;;;;;;;;1;;;;;;;;;;;;;
OMBU SBIDCS3E;;;;;;;;;;;;;;;;;;;;;;;1;;;;;1;;;;;;;;;;;;;1;;;;;;;;
OMBU SBITCS3E;;;;;;;;;;;;;;;;;;;;;;;1;;;;;1;;;;;;;;;;;;;1;;;;;;;;
PEUGEOT 308S;;3;;;;;;;;;;;;;;;;;;;;;;;;;;;;;;;;;;;;;;;;;;;;;;;
SALTO SRCHT3;;;;;;;;;;;;;;;;;;;;;;;;;;;;;;1;;1;1;;;;;;;;;;;;;;;;
SALTO SRP2E;;;;;;;;;;;;;;;;;;;;;;2;;;;;;;;;;;;;;;;1;;;;;;;;;;;
SCANIA P420;;;;;;;;;;;;;;;;;;;;;;;;;;;;;;;;;;;;;;;;2;;;1;;;;;;
TOYOTA LAND CRUISER PRADO;1;;;;;;1;;;;1;;;;;;;;;;;;;;;;;;;;;;;;;;;;;;;;;;;;;;
VOLKSWAGEN CONSTELLATION 19.330;;;;;1;;;;;;;;;;;;;;;;;;;;;;;1;;;;;1;;;;;;;;;;;;;;;;
ALFA ROMEO GIULIA;;;;;1;;;;;;;;;;;;;;;;;1;;;;;;;;;;;;;;;;;;;;;;;;;;;
ASTIVIA S3-BARANDA VOLCABLE;;;;;;;;;;;;;;;;;1;;;;;;;;;;;;;;;;;;;;;;;;;;;1;;;;;
AUDI RS3;;;;;;;;;;;;;;;;;;;;;;;;;;;;;;;;;;;;;;;;;1;;;;;;1;;
BAIC EU5;;;;;;;;;;;;;;;;;;;;;;;;;;;;;;;;;;;;;;;;;1;;;1;;;;;
BMW M235;;;;;;;;;;;;;;;;;1;;;;;;;;;1;;;;;;;;;;;;;;;;;;;;;;;
BONANO SEMIRREMOLQUE BARANDA VOLCABLE 2 EJES + 1 EJE DIR.;;1;;;;;;1;;;;;;;;;;;;;;;;;;;;;;;;;;;;;;;;;;;;;;;;;
BONANO SEMIRREMOLQUE BARANDA VOLCABLE 3D;;;;;;;;;;;;;;;;;;;;;;;;;;;;;;;;;;;;;;;;2;;;;;;;;;
BONANO SEMIRREMOLQUE BARANDA VOLCABLE DE 1D+2D<=45T;;;;;;;;;;;;;;;;;;;;;;;;;1;;;;;;;;;1;;;;;;;;;;;;;;;
BONANO SEMIRREMOLQUE JAULA GANADERA DE 3 EJES TANDEM;;;;;;;;1;;;1;;;;;;;;;;;;;;;;;;;;;;;;;;;;;;;;;;;;;;
CARROCERIAS APEZ SEMIRREMOLQUE C.G;;;;;;;;;;;;;;;;;;;;;;;;2;;;;;;;;;;;;;;;;;;;;;;;;;
CHANGAN CS55;;;;;;;;;;;;;;;;;;;;;;;;;;;;;;;;;;;;;;;;;;;;;;;;2;
CHERY TIGGO 8;;;;;;;;;;;;;;;;;;;;;;;;;;;;1;;;;;;;;;;;;;;;;;;;;1;
CORMETAL SCXN30;;;;;;;;;;;;;;;;;;;;;;;;;;;;;2;;;;;;;;;;;;;;;;;;;;
CORMETAL SEMI 3 EJES DEPRIMIDO VIAL DPVB3T;;;;;;;;;;;;;;;;;;;;;;;;;;1;;;;;;;;;;;;;;;;;;;1;;;;
CORMETAL SGXN31;;;;;1;;;;;;;1;;;;;;;;;;;;;;;;;;;;;;;;;;;;;;;;;;;;;
DIMATAN STQ3;;;;;;;;;;;;;;;;;;;;;;;;;;;;;2;;;;;;;;;;;;;;;;;;;;
DM TRAILERS ACONCAGUA 320;;;;;;;;;;1;;;;;;;;;;;;;;;;;;;;;;;;1;;;;;;;;;;;;;;;
DONGFENG CAPTAIN V 414;;;;;;;;;;;;;;;;;;;;;;;;;;;;;;;;;;;;;;;;;;;;;;;2;;
DS DS7;;;;;;;;;;;;;;;;;;;;;;;;;;;;;;;;;;;;;;;1;;1;;;;;;;;
EL FIERRO SEMIRREMOLQUE PARA TRANSPORTE DE CARGA GENERAL 3E;;;;;1;;;;;;;;;;;;;;;;;;;;;;1;;;;;;;;;;;;;;;;;;;;;;
F.H. A.V.2.P 411;;;;;;;;;;;;;;;;;;;;;;;;;;1;;;;;;;;;;;;;;;;;;;;1;;;
FERBUS KAISEN 380;;;;;;;;;;;;;;1;;;;;1;;;;;;;;;;;;;;;;;;;;;;;;;;;;;;
FERBUS KAISEN 600 2E;;;;;;;;;;;;;;;;1;;;;;;;1;;;;;;;;;;;;;;;;;;;;;;;;;;
FERBUS KAISEN KAISEN 480 1E;;;;1;;;1;;;;;;;;;;;;;;;;;;;;;;;;;;;;;;;;;;;;;;;;;;
FERBUS KAISEN KAISEN 570 2E;;;;;;1;;;;;;;;;;;1;;;;;;;;;;;;;;;;;;;;;;;;;;;;;;;;
FERBUS KAISEN KAISEN 650 2E;;;1;;;;;;;;1;;;;;;;;;;;;;;;;;;;;;;;;;;;;;;;;;;;;;;
FUR-TAN SEMI 3 EJES 3 CIST.INOX.316 CILIN.REVES.PELG35000L;1;1;;;;;;;;;;;;;;;;;;;;;;;;;;;;;;;;;;;;;;;;;;;;;;;
FUR-TAN SEMI TOLVA 3 EJES 2 CIST.A.CARB.CON.PINT.33000L;;;;;;;;;;1;;;;;;;1;;;;;;;;;;;;;;;;;;;;;;;;;;;;;;;;
GUERRA SR/FG/1+2;;;;;;;;;;;;;;;;;;;;;;;;;;;;;;;;;;;;;;;;;;;;;;;1;1;
H.C.MANCINI TVM 03 E;;;;;;;;;;;;;;;;;;;;;;;;;;;;;;;;;;;;;1;;;;;;;;;;1;;
HERMANN BARANDA VOLCABLE S.BV.3E.67;;;1;;;;;;;;;;;;;;;;1;;;;;;;;;;;;;;;;;;;;;;;;;;;;;;
HERMANN PALETERO S.PA.3E.71 1+1+1;;;;;;;;;;;;;;;;;;;;;;;;;;;;;;;;1;;1;;;;;;;;;;;;;;;
HERMANN VOLCADOR BILATERAL S.VL.3E.63 1+1+1;;;;;;;;;;;;;;;;;;;;1;;1;;;;;;;;;;;;;;;;;;;;;;;;;;;
HERMANN VUELCO TRASERO S.VT.3E.83 1+1+1;;;;;;;;;;;;;;;;;;;;;;;;;;;;;;;;;;;;;;;;2;;;;;;;;;
HIZA TRAILERS PLAYO;;;;;;;;;;;;;;;;;;;;;;;;;;;;;;;;;;;;;;;;;1;;;;;;;1;
HONDA ACCORD;;;;;;;;;;;;;;;1;;;;;;;;;;;;;;;;;;;;;;;;;;;;1;;;;;;
IDEROL SEMI CARGA CONV. 3E 3D S3-CS;;;;;;;;;;;;;;;;;;;;;;;;;;;;;;;;;;;;;;;;;;;;1;;;1;;
ITATI AVANTI06M1E;;1;1;;;;;;;;;;;;;;;;;;;;;;;;;;;;;;;;;;;;;;;;;;;;;;
IVECO 200 S;;;;;;;1;;1;;;;;;;;;;;;;;;;;;;;;;;;;;;;;;;;;;;;;;;;
JAC JS8;;;;;;;;;;;;;;;;;;;;;;;;;;;;;;;;;;;;;;;;;;1;1;;;;;;
JEEP GLADIATOR;;;;;;;;;;;1;;;;;;;;;;;;;;;;;;;1;;;;;;;;;;;;;;;;;;;
JEEP WRANGLER;;;;;;;;;;;;;;;;;;;;;;;;;;;;;;;;;;;;;;;;;1;;;;;;;1;
KIA CERATO;;;;;;;;;;;;;;;;;;;;;;;;;;;;;;;;;;1;;;1;;;;;;;;;;;;
LAMBERT A3BV;1;;;;;;;;;;;;;;;;;;1;;;;;;;;;;;;;;;;;;;;;;;;;;;;;;
LAMBERT A4BV;;;;;;;;1;;;;;;;;;;;;;;;;;;;;;;;;;;;;;;;;;;;;1;;;;;
LAMBERT S12CS;;;;;;;;;;;;;;;;;;;;;;;;;;;;;;;;;;;;;;;;;;;;;;2;;;
LAMBERT S3PC;;;;;2;;;;;;;;;;;;;;;;;;;;;;;;;;;;;;;;;;;;;;;;;;;;
LAND ROVER DEFENDER;;;;;;;;;;;;;;;;;;;;;;;1;;;;;;;;;;;;;;;;;;;1;;;;;;;
LEXUS GX;;;;;;;;;;;;;;;;;;;;;;;;;;;;;;;;;;;;;;;;;;;1;;;1;;;
MACTRAIL TU 17-8-R;;;;;;;;;;;;;;;1;;;;;;1;;;;;;;;;;;;;;;;;;;;;;;;;;;;
MACTRAIL TU-17-8-M;;;1;;;;;1;;;;;;;;;;;;;;;;;;;;;;;;;;;;;;;;;;;;;;;;;
MERCEDES BENZ ATEGO 2430;;;;;;;;;;;;;;;;;;;;;;;;;;;;;;;;;;;;;2;;;;;;;;;;;;
MERCEDES BENZ AXOR 2036;;;;;;1;;;;;;;;;;;;;;;;;;;;;;;;;;;;1;;;;;;;;;;;;;;;
MERCEDES BENZ GLC 200;;;;;;;;;;;;;;;;;;;;;;;;;;;;;;;;;;;;;;;;;;;;;;;1;;1
MERCEDES BENZ GLE 450;;;;;;;;;;;;;1;;;;;;;;;;;;;;;;;;;;;1;;;;;;;;;;;;;;;
METAGRO S-1+2 - BATEA BS;;;;;;1;;;;;;;;;;;;;;;;;;;;;;;;;;;;;;;;;;;;;;;;;1;;
METAGRO S-1+2 - CG;;;;;;;;;;;;;;;;;;;;;;;;;;;;;;;;;;1;;1;;;;;;;;;;;;;
METAGRO S-T3-CG;;;;;;;;;;;;;;;;;;;;;;;;;;;;;;;;;;;;;;;;;;;1;;1;;;;
METALURGICA BELGRANO 31 SEMI TANQUE 1+1+1 EJES;;;;;;;;;;;;;;;1;;;1;;;;;;;;;;;;;;;;;;;;;;;;;;;;;;;
MIC SEMIRREMOLQUE DE TRES EJES;;;;;;;;;;;;;;;;2;;;;;;;;;;;;;;;;;;;;;;;;;;;;;;;;;
MONTENEGRO SEMIRREMOLQUE CARRETON 2 EJES;;;;;;;;;;;;;;;;;;1;;;;;;;;;;;;;;1;;;;;;;;;;;;;;;;;
MONTENEGRO SEMIRREMOLQUE VOLCADOR TRASERO 1+1+1 EJES;;;;;;;;;;;;;;;;;;;;;;;;;;;;;;;;;;;;;;1;1;;;;;;;;;;
MONTESUR ABV3;;;;;;1;;;;;;;;;;;1;;;;;;;;;;;;;;;;;;;;;;;;;;;;;;;;
NIÑO JESUS DE PRAGA SCD4ETCD CARRETON;;;;;;;;;;;;;;;;;;;;;;;;;1;;;;1;;;;;;;;;;;;;;;;;;;;
NIÑO JESUS DE PRAGA SCP2ETCF CARRETON;1;;;;;;;;;;;;;;;;;;;;;;;;;;;;;;;;;;;;;;;1;;;;;;;;;
NIÑO JESUS DE PRAGA SCP4ETCF CARRETON;;;;;;;;;;;;;;;;;;;;;;;;;;;;;;;;;;;;1;;;;1;;;;;;;;;
NIÑO JESUS DE PRAGA SRP3E;;;;;;;;;;1;;;;;;;1;;;;;;;;;;;;;;;;;;;;;;;;;;;;;;;;
NIÑO JESUS DE PRAGA SRP3ET;;;;;;;;;;;;;;1;;;;;;;;;;;;;;;;;;;;;;;;;;;;1;;;;;;;
OMBU SBV3E;;;;1;;;;;;;;1;;;;;;;;;;;;;;;;;;;;;;;;;;;;;;;;;;;;;
OMBU SBV3E1+1+11450;;;;;;;;;;;;;;;;;;;;;;;1;;1;;;;;;;;;;;;;;;;;;;;;;;;
OMBU SBV3E2+11540;;;;;;;;;;;;;;;;;;;;;;;;;;;;;;;;1;;;;;;;1;;;;;;;;;;
PATRONELLI CARGA GENERAL 3 EJES- SEMCG3E;;;;;;;;;;;;;;;1;1;;;;;;;;;;;;;;;;;;;;;;;;;;;;;;;;;
PATRONELLI CARRETON 4 EJES - SEMC4E;;;1;;;;;;;;;;;;;;;;;;;;;;;;;;;;;;;;1;;;;;;;;;;;;;;
PATRONELLI VOLCADOR 2+1 EJES - SEMV21;;;;;;;;;;;;;1;;;;1;;;;;;;;;;;;;;;;;;;;;;;;;;;;;;;;
PEUGEOT NUEVO 408;;;;;;;;;;;;;;;;;;;;;;;;;;;;;;;;;;;;;;;;;;;;;;1;;;1
PINCEN SCS 1+1+1;;;;;;;;;;;;;;;;;;;;;;;;;1;;;;;;;;;;;;1;;;;;;;;;;;;
PINCEN SR1S 2E;;;;;;1;;;;;;;;;;;1;;;;;;;;;;;;;;;;;;;;;;;;;;;;;;;;
PINCEN SR2S 2E;;;;;;1;;;;;;;;;;;1;;;;;;;;;;;;;;;;;;;;;;;;;;;;;;;;
PORSCHE CAYENNE;;;;;;;;;;;;;;1;;;;;;;;;;;;;;;;;;;;;;;;;;;;;;;;1;;;
RAMI CARGODOBLE;;;;;;;;;;;;;;;;;;;;;;;;;;;;;;;;;;;;;2;;;;;;;;;;;;
RANDON RQ.CG.02+01;;;;;1;;;;;1;;;;;;;;;;;;;;;;;;;;;;;;;;;;;;;;;;;;;;;
RANDON SR.CG.02+01;;;;;;;;;;;;;;;;;;;;;;;;;;;;;;;;;;;;;;;;;;;;;;1;1;;
S STOESSEL SSPL3;;;;;;;;;;;;;;;;;;;;;;;;;;;;;;;;;;;;;;;;;;;;;1;1;;;
SALTO ACBV4E;;;;;;;;;;;;;;;;;;;;;;;;;;;;;;;1;;;;;;;;;;;;;;;;1;;
SALTO ACP3E;;1;;;;;;;;;;;;;;;;;;;;;;;;;;;;;;;;;;;;;;;;;;;;;;1;
SALTO SCP3E;;;;;;;;;;;;;;;;;;;;;;;;;;;;;;;;;;;;;2;;;;;;;;;;;;
SALTO SCVT3E;;;;;;;;;;;;;;;;;;;;;;;;;;;;;;;;;;;;;;;2;;;;;;;;;;
SANY STC300T;;;;;;;;;;;;;;1;;;1;;;;;;;;;;;;;;;;;;;;;;;;;;;;;;;;
SANY STC800T5;;;;;;;;;;;;;;;;;;;;1;;;;;;;;;;;;;1;;;;;;;;;;;;;;;;
SATURNI TODO PUERTAS 4EA;;;;;;;;;;;;;2;;;;;;;;;;;;;;;;;;;;;;;;;;;;;;;;;;;;
SCANIA P320;1;;;;;;;;;;;;;;;;;;;;;;;;;;;;;;;;;;;;;;;;;;;;1;;;;
SCANIA P450;;1;;;;;;;;;;;;;1;;;;;;;;;;;;;;;;;;;;;;;;;;;;;;;;;;
SCANIA S550;;;;;;;;;;;;;;;;;;;;;;;;;;;;;;;;;;;;;;;;;;;;1;1;;;;
SIN MARCA ACOPLADO 2 EJES;;;;;;;;;;;;;;;;;;;;;;;;;;;;;;;;;;;;;;;;;1;;1;;;;;;
SIN MARCA MTK;;;;;;;;;;;;;;;;;;;;;;;;;;;;;;;;;;;;;;;;1;;1;;;;;;;
SOLA Y BRUSA CORT. LAT 3 EJES - 1+1+1;;;;;;;;;;;;;;;;;;;;;;;;;;;;;;;1;;;;;;;;;;;;;;;;;1;
SOLA Y BRUSA CORTINAS LATERALES 3 EJES;;;;;;;;;;;;;;;;;;;;1;;;;;;;;;;;1;;;;;;;;;;;;;;;;;;
SOLA Y BRUSA VUELCO BILAT. 4 EJES;;;;;;;;1;;;;;1;;;;;;;;;;;;;;;;;;;;;;;;;;;;;;;;;;;;
SUBARU ALL NEW FORESTER;;;;;;;;;;;;;;;;;;;;;;;;;;;;;;;;;;;;;;;;;;;;;;;1;1;
SUBARU XV;;1;;;;;;;1;;;;;;;;;;;;;;;;;;;;;;;;;;;;;;;;;;;;;;;;
TAURUS HK 2.0;;;;;;;;;;;;;;;;;;;;;;;;;;;;;;;;;;;;;;;;;;;;;1;;;1;
TOYOTA GR 86;;;;;;;;;;;;;;;;;;;;1;;;;;;;;;;;;;;;;;1;;;;;;;;;;;;
VOLKSWAGEN CONSTELLATION 25.460;;;;;;;;;;;;;;;;;;;;;;;;;;;;;;;;;;;;;;;1;1;;;;;;;;;
VOLVO FMX 460;1;;;;;;;;;;;;;;;;;;;;;;;;;;;;;;;1;;;;;;;;;;;;;;;;;
VOLVO VM 350;;;;;;;;;;;;;;;;;;;;;;;;;;;;;;;;;;;;;;;1;;;1;;;;;;;
ASTIVIA A2-CARGA GENERAL-8;;;;;;;;;;;;;;;;;;;;;;;;;;;;;;;;;;1;;;;;;;;;;;;;;;
ASTIVIA A3-CARGA GENERAL-9;;;;;;;1;;;;;;;;;;;;;;;;;;;;;;;;;;;;;;;;;;;;;;;;;;
ASTIVIA S2-TANQUE CORR.COMB.INF-9;;;;;1;;;;;;;;;;;;;;;;;;;;;;;;;;;;;;;;;;;;;;;;;;;;
ASTIVIA S3-BATEA VUELCO TRASERO-9;;;;;;;;;;;;;;;;1;;;;;;;;;;;;;;;;;;;;;;;;;;;;;;;;;
AST-PRA FTHDCFH1 FURGON TERMICO 1 EJE MEC;;;;;;;;;;;;;1;;;;;;;;;;;;;;;;;;;;;;;;;;;;;;;;;;;;
AUDI A6;;;1;;;;;;;;;;;;;;;;;;;;;;;;;;;;;;;;;;;;;;;;;;;;;;
AUDI E-TRON;;;;;;;;;;;;;;;;;;;;;;;1;;;;;;;;;;;;;;;;;;;;;;;;;;
AUDI RSQ8;;;;;;;;;;;;;;;1;;;;;;;;;;;;;;;;;;;;;;;;;;;;;;;;;;
BERTOTTO, BOGLIONE Y CIA. S.R. SEMIRREMOLQUE 3 EJES (1+2) TANQUE;;;;;;;;;;;;;;;;;;;;;;;;;;;;;;;;;1;;;;;;;;;;;;;;;;
BERTOTTO, BOGLIONE Y CIA. S.R. SEMIRREMOLQUE 3 EJES (1+2) VOLCABLE;;;;;;;;;;;;;;;;;;;;;;;;;;;;;1;;;;;;;;;;;;;;;;;;;;
BMW 218;1;;;;;;;;;;;;;;;;;;;;;;;;;;;;;;;;;;;;;;;;;;;;;;;;
BMW M3;;;;;;;;;;;;;;;;;;;;;;;;;;;;;;;;;;;1;;;;;;;;;;;;;;
BMW M4;;;;;;;;;;;;;;;;;;;;;;;;;;1;;;;;;;;;;;;;;;;;;;;;;;
BMW M440;;;;;;;;;;;1;;;;;;;;;;;;;;;;;;;;;;;;;;;;;;;;;;;;;;
BONANO ACOPLADO BARANDA VOLCABLE DE 4 EJES;;;;1;;;;;;;;;;;;;;;;;;;;;;;;;;;;;;;;;;;;;;;;;;;;;
BONANO SEMIRREMOLQUE BARANDA VOLCABLE DE 1+1+1 EJES MAYOR;;;1;;;;;;;;;;;;;;;;;;;;;;;;;;;;;;;;;;;;;;;;;;;;;;
BONANO SEMIRREMOLQUE JAULA GANADERA DE 1D+1D;;;;;;;;;;;;;;;;;;;;;;;;;;;;;;;;;;;;;;;;;;;1;;;;;;
BONANO SEMIRREMOLQUE JAULA GANADERA DE 2 EJES SEPARADOS;;;;;;;;;;;;;;;;;;;;;;;;;;1;;;;;;;;;;;;;;;;;;;;;;;
BONANO SEMIRREMOLQUE PAQUETERO DE 1D+2D EJES;;;;;;;;;;;;;;;;;;;;;;;;;;1;;;;;;;;;;;;;;;;;;;;;;;
BONANO SEMIRREMOLQUE TERMICO DE 3 TANDEM.;;;;;;;;;1;;;;;;;;;;;;;;;;;;;;;;;;;;;;;;;;;;;;;;;;
BULL TRAILER SR46.7-2113;;;;;;;;;1;;;;;;;;;;;;;;;;;;;;;;;;;;;;;;;;;;;;;;;;
CARROCERIAS APEZ BERLIN;;;;;;;;;;;;;;;;;;;;;;;;;;;;;;;;;;1;;;;;;;;;;;;;;;
CARROCERIAS APEZ PANAMA;;;;;;;;;;;;;;;;;;;;;;;;;;;;1;;;;;;;;;;;;;;;;;;;;;
CHANGAN M201;;;;;;1;;;;;;;;;;;;;;;;;;;;;;;;;;;;;;;;;;;;;;;;;;;
CHERY TIGGO 3;;;;;;;;;;;;;;;;;;;1;;;;;;;;;;;;;;;;;;;;;;;;;;;;;;
CHEVROLET GROOVE;;;;;;;;;;;;;;;;;;;;;;;;;;;;;;;;;;;;;;;;;;;;;;;;1;
CHEVROLET SAIL;;;;;;;;;;;;;;1;;;;;;;;;;;;;;;;;;;;;;;;;;;;;;;;;;;
COMAR CARRETON S16 CR;;;;;;;;;;;;;;;;;;;;;;;;;;;;;;;;;;;;;;;;1;;;;;;;;;
COMAR CARRETON S16-32;;;;;;;;;;;;;;;;;;;;;;;;;;;;;;;;1;;;;;;;;;;;;;;;;;
COMAR DOLLY SD-8;;;;;;;;;;;;;;;1;;;;;;;;;;;;;;;;;;;;;;;;;;;;;;;;;;
CORMETAL ACXB22;;;;;;;;1;;;;;;;;;;;;;;;;;;;;;;;;;;;;;;;;;;;;;;;;;
CORMETAL SBXB21;;;;;;;;;;;;;;;;;;;;;;;;;;;;;;;;;;;;;1;;;;;;;;;;;;
CORMETAL SJXB21;;;;;1;;;;;;;;;;;;;;;;;;;;;;;;;;;;;;;;;;;;;;;;;;;;
CORMETAL SPXB21;;;;;;;;1;;;;;;;;;;;;;;;;;;;;;;;;;;;;;;;;;;;;;;;;;
CORMETAL SVXB21;;;;;;;;;;;;;;;;;;;;;;;;;;;;;;;;;;;;;;;;;;;;;1;;;;
DANES ST 2EC DD;;;;;;;;;;;;;;;;;;;;;;;;;;;;;;;;;;;;;;;;;;;;1;;;;;
DANES STAE 2ES DD;;;;;;;;;;;;;;;;;;;;;;;;;;;;;;;;;;;;;;;;;1;;;;;;;;
DFM 1216-ES;;;;;;;;;;;;;;;;;;;;;;;;1;;;;;;;;;;;;;;;;;;;;;;;;;
DFM DUOLICA;;;;;;;;;;;;;;;;;;;;;;;;;;;;;;;1;;;;;;;;;;;;;;;;;;
DFM T01;;;;;;;;;;;;;;;;;;;;;;;;;;;;;;1;;;;;;;;;;;;;;;;;;;
DM TRAILERS ACONCAGUA 520;;;;;;;;;;;;;;;;;;;;;;;;;;1;;;;;;;;;;;;;;;;;;;;;;;
DONGFENG CAPTAIN W 310;;;;;;;;;;;;;;;;;;;;;;;;;;;;;;;;;;;;;;;;;;;;;;1;;;
DS DS3 CROSSBACK;;;;;;1;;;;;;;;;;;;;;;;;;;;;;;;;;;;;;;;;;;;;;;;;;;
DS DS4;;;;;;;;;;;;;;;;;;;;;;;;;;;;;;;;;;;1;;;;;;;;;;;;;;
DS DS7 CROSSBACK;;;;;;;;;;1;;;;;;;;;;;;;;;;;;;;;;;;;;;;;;;;;;;;;;;
EMIKEL PBARBUS 450 ACOPLADO 1 EJE;;;;;;;;;;;;;;;;;;;;;1;;;;;;;;;;;;;;;;;;;;;;;;;;;;
EMIKEL PBARBUS 520 ACOPLADO 2 EJES;;;;;;;;;1;;;;;;;;;;;;;;;;;;;;;;;;;;;;;;;;;;;;;;;;
EMIKEL PBARBUS 600 ACOPLADO 2 EJES;;;;;;;1;;;;;;;;;;;;;;;;;;;;;;;;;;;;;;;;;;;;;;;;;;
F.H. S.V.2.P 411;;;;;;;;;;;1;;;;;;;;;;;;;;;;;;;;;;;;;;;;;;;;;;;;;;
F.H. S.V.P.D.G.411;;;;;;;;;;;;;;;;;;;;;;;;;1;;;;;;;;;;;;;;;;;;;;;;;;
FAW ACTIS;;;;;;;;;;;;;;;;;;;;;;;;;;;;;;;;;;;;;;;;;;;;;1;;;;
FAW T33;;;;;;;;;;;;;;;;;;;;;;;;1;;;;;;;;;;;;;;;;;;;;;;;;;
FAW X40;;;;;;;1;;;;;;;;;;;;;;;;;;;;;;;;;;;;;;;;;;;;;;;;;;
FERBUS KAISEN 450 1E;;;;;;;;;;;;;;;;;;;;;;;;;;;;1;;;;;;;;;;;;;;;;;;;;;
FERBUS KAISEN 650 2E;;;;;;;;;;;;;;;;;;;;;;;;;;;;;;;;;;;;;;;;1;;;;;;;;;
FERBUS KAISEN KAISEN 300;;;;;;;;1;;;;;;;;;;;;;;;;;;;;;;;;;;;;;;;;;;;;;;;;;
FERBUS KAISEN KAISEN 350;;;;;1;;;;;;;;;;;;;;;;;;;;;;;;;;;;;;;;;;;;;;;;;;;;
FERBUS KAISEN KAISEN 600 2E;;;;1;;;;;;;;;;;;;;;;;;;;;;;;;;;;;;;;;;;;;;;;;;;;;
FOTON WONDER;;;;;;;;;;;;;;;;;;;;;;;;;;;;;;;;;;;;;;;;;;;;;1;;;;
FUR-TAN SEMIRREMOLQUE 3 EJES 3 CISTERNA REVESTIDO;;1;;;;;;;;;;;;;;;;;;;;;;;;;;;;;;;;;;;;;;;;;;;;;;;
GOLONDRINA SR-3E-NJ;;;;;;;;;;;;;;;;1;;;;;;;;;;;;;;;;;;;;;;;;;;;;;;;;;
GRASSANI AG3-25TT;1;;;;;;;;;;;;;;;;;;;;;;;;;;;;;;;;;;;;;;;;;;;;;;;;
GRASSANI SG3-49TT;;;;;;;;;;;;;;;;;;;;;;;;;;;;;;;1;;;;;;;;;;;;;;;;;;
GROSS BARANDA VOLCABLE 9.60 MTS (D2-D2);;;;;;;;;;;;;;;;;;;;;;;1;;;;;;;;;;;;;;;;;;;;;;;;;;
GROSS BARANDA VOLCABLE 9.80 MTS (D2-D2);;;;;;;;;;;;;;;;;;;;;;;;;;;1;;;;;;;;;;;;;;;;;;;;;;
H.C.MANCINI CARRETON AVM 25 T;;;;;;;;;;1;;;;;;;;;;;;;;;;;;;;;;;;;;;;;;;;;;;;;;;
H.C.MANCINI CARRETON SVM 35 T;;;;;;;;;;;;;;;;;;;;;;;;;;;;;;;;;;;;;;;1;;;;;;;;;;
H.C.MANCINI WX 30 T-S;;;;;;;;;;;;;1;;;;;;;;;;;;;;;;;;;;;;;;;;;;;;;;;;;;
HELVETICA AC 3E TP;;;;;;;;;;;;;;;;;;;;;;1;;;;;;;;;;;;;;;;;;;;;;;;;;;
HELVETICA AC 4E 2+2 TP;;;;;;;;;;;;;;;;;;;;;;;;;1;;;;;;;;;;;;;;;;;;;;;;;;
HELVETICA SR 3E 1+2 TA;;;;;;;;;;;;;;;;;1;;;;;;;;;;;;;;;;;;;;;;;;;;;;;;;;
HELVETICA SR 3E 1+2 VO;;;;;;;;;;;;;;;;;;;;;;;;;;;;;;;;;;;;;;;;;;;;1;;;;;
HERMANN GANADERO S.GP.2E.91;;;;;;;;;;;;;;;;;;1;;;;;;;;;;;;;;;;;;;;;;;;;;;;;;;
HERMANN PALETERO S.PA.3E.71;;;;;;;;;;;;;;;;;;;;;;;;;;;;;;;;;;;;;;;;;;;;1;;;;;
HERMANN PLAYO S.PL.1E.52;;;;;;1;;;;;;;;;;;;;;;;;;;;;;;;;;;;;;;;;;;;;;;;;;;
HERMANN PLAYO S.PL.3E.65 1+1+1;;;;;;;;;;;;;;;;;;;;;1;;;;;;;;;;;;;;;;;;;;;;;;;;;;
HERMANN VOLCADOR BILATERAL S.VL 3E 63 2+1;;;;;;;;;;;;;;;;;;;;;;;;;;;;;;;;;;;;;;;;;;;;1;;;;;
HINO 500;;;;;;;1;;;;;;;;;;;;;;;;;;;;;;;;;;;;;;;;;;;;;;;;;;
HONDA PILOT;;;;;;;;;;;;;;;;;;;1;;;;;;;;;;;;;;;;;;;;;;;;;;;;;;
IDERO SEMI CARGA CONV 3E 3D S3 (S3-VT);;;;;;;;;;;;;;;;;;;;;;;;;;;;;;;;;;;;;;;;;;;;;;;1;;
IDERO SEMI CARGA CONV. 3E 1D1D1D S111-VT;;;;;;;;;;;;;;;;;;;;;;;;;;;;;;;;;;;;;;;;;;;;;;1;;;
INDECAR SEMIRREMOLQUE 3 EJES (1+2) BATEA;;;;;;;;;;;;;;;;;;1;;;;;;;;;;;;;;;;;;;;;;;;;;;;;;;
INDU METAL TRAILERS SEC7535CO2;;;;;;;;;;;;;;;;;;;;;;;;1;;;;;;;;;;;;;;;;;;;;;;;;;
INDUMIX MTI S 8 M3;;;;;;;;;;;;;;;;;;;;;;;;;;;;;;;;;;;;;;;;;;;1;;;;;;
ISUZU FVR34;;;;;;;;;;;;;;;;;;;;;;;;;;;;;;1;;;;;;;;;;;;;;;;;;;
IVECO CC170G21;;;;;;;;;;;;;;;;;;;;;;;;;;;;;;;;;1;;;;;;;;;;;;;;;;
IVECO TRAKKER;;;;;;;;;;;;;;;;;;;;;;;;;;;;;;;;;;;;;;;1;;;;;;;;;;
JAC JS2;;;;;;;;;;;;;;;;;;;;;;;;;;;;;;;;;;;;;;;;;;;;;;;;;1
JAC S3;;;;;;;;;;;;;;;;;;;;;;;;;;;;;;;;;;;;;;;;;;;;;;;;1;
LAMBERT S13BV;;;;;;;;;;;;;;;;;;;;;;;;;;;;;;;;;;;;;;;;;;;1;;;;;;
LAMBERT S3BV;;;;;;;;;;;;;;;;;;;;;;;;;;;1;;;;;;;;;;;;;;;;;;;;;;
LAMBERT S3IP;;;;;1;;;;;;;;;;;;;;;;;;;;;;;;;;;;;;;;;;;;;;;;;;;;
LAMBERT S3VO;;;;1;;;;;;;;;;;;;;;;;;;;;;;;;;;;;;;;;;;;;;;;;;;;;
LEO-COR LC-BG-DR-3E;;;;;;;;;;;;;;;;;;;;;;;;;;;1;;;;;;;;;;;;;;;;;;;;;;
LEO-COR L-RM-8 CT;;;;;;;;;;;;;;;;1;;;;;;;;;;;;;;;;;;;;;;;;;;;;;;;;;
LEO-COR L-SM-23;;;;;;;;;;;;;;;;;;;;;;;;;1;;;;;;;;;;;;;;;;;;;;;;;;
LEXUS LX;;;;;;;;;;;;;;;;;;;;1;;;;;;;;;;;;;;;;;;;;;;;;;;;;;
LOMAS CAMPING TG400S;;;;;;;;;;;;;;;;;;;;;;;;;;;;;;;;;;;;;;;;;;;;;;1;;;
M Y M TRAILERS CALIFORNIA 52 FOOD 2E;;;;;;;;;;;;;;;;;;;;;;;;;;;;;;;;;;;1;;;;;;;;;;;;;;
MACHILE RTM-10-2E;;;;;;;;;;;;;;;;;1;;;;;;;;;;;;;;;;;;;;;;;;;;;;;;;;
MACTRAIL MONTERREY CHICO;;;1;;;;;;;;;;;;;;;;;;;;;;;;;;;;;;;;;;;;;;;;;;;;;;
MACTRAIL RZR;;;;;;;;;;;;;;;;;;;;;;;;;;;;;;;;;;;1;;;;;;;;;;;;;;
MACTRAIL T8 18-8-M;;;;;;;;;;;;;;;;;;;;;;;;;;1;;;;;;;;;;;;;;;;;;;;;;;
MACTRAIL TU 19-10-R;;;;;;;;;;;;;;;;;;;;;;;;;;;;;;1;;;;;;;;;;;;;;;;;;;
MACTRAIL TU 20-10-R;;;;;;;;;;;;;;;1;;;;;;;;;;;;;;;;;;;;;;;;;;;;;;;;;;
MACTRAIL TU 24-10-R;;;;;;;;;;;;;;;;;;;;;;;;;;;;;;;;;;;;1;;;;;;;;;;;;;
MALDONADO 2/3 HARLEY/BMW - TRAILER (CAT.O1);;;;;;;;;;;;;;;;;1;;;;;;;;;;;;;;;;;;;;;;;;;;;;;;;;
MARCELINI SRC12N2AE;;;;;;;;;;;;;;;;;;;;;;;;;;;;;;;;;;;;;;;;1;;;;;;;;;
MARCELINI SRC12NF;;;;;;;;;;;;;;;;;;;;;;;;;;;;;;;;;;;;;1;;;;;;;;;;;;
MB TRAILERS PLAYO P;;;;;;;;;;;;;;;;;;;;;;;;;;;;;;;;;;;;;;;;;;;;;1;;;;
MERCEDES BENZ ACTROS 2636;;;;1;;;;;;;;;;;;;;;;;;;;;;;;;;;;;;;;;;;;;;;;;;;;;
MERCEDES BENZ AMG CLE 53;;;;;;;;;;;;;;;;;;;;;;;;;;;;;;;;;;;;;1;;;;;;;;;;;;
MERCEDES BENZ AROCS;;;;;;;;;;;;;;;;;;;;;;;;;;;;;;;1;;;;;;;;;;;;;;;;;;
MERCEDES BENZ AXOR 3131;;;;;;;;;;;;;;;;;;;;;;;;;;1;;;;;;;;;;;;;;;;;;;;;;;
MERCEDES BENZ B200;;;;1;;;;;;;;;;;;;;;;;;;;;;;;;;;;;;;;;;;;;;;;;;;;;
MERCEDES BENZ E450;;;;;;;;;;;;;;;;;;;;;;;;;;;;;;;;;;;;;;;;;1;;;;;;;;
MERCEDES BENZ EQA 350;;;;;;;;;;;;;;;;;;;;;;;;;;;;;;;;;;;;;;;1;;;;;;;;;;
MERCEDES BENZ OF 1724;;;;;;;;;;;;;;;;;;;;;;;;;;;;;;;;1;;;;;;;;;;;;;;;;;
MERCEDES BENZ/MARCOPOLO LO 916;;;;;;;1;;;;;;;;;;;;;;;;;;;;;;;;;;;;;;;;;;;;;;;;;;
MERCEDES BENZ/MARCOPOLO OF 1621;;;;1;;;;;;;;;;;;;;;;;;;;;;;;;;;;;;;;;;;;;;;;;;;;;
METAGRO S-1+2 - BATEA;;;;;;;;;;;;;;;;;;;;;;;;;;;;;;;;;;;;;;;;;;1;;;;;;;
METALURGICA BELGRANO SEMIRREMOLQUE 1+2 EJES - CARGA CONVENCIONAL - 52.5;;;;;;;;;;;;;;;;;;;;;;;;;;;;;;;;;;;;;;;;;;;;;1;;;;
MIC BARANDA VOLCABLE;;;;;;;;;1;;;;;;;;;;;;;;;;;;;;;;;;;;;;;;;;;;;;;;;;
MIC SEMI CARGA CONVENC. 3 EJES 1+1+1 (SBV111);;1;;;;;;;;;;;;;;;;;;;;;;;;;;;;;;;;;;;;;;;;;;;;;;;
MINI JOHN COOPER WORKS;;;;;;;;;;;;;;;;;;;;;;;;;;;;;;1;;;;;;;;;;;;;;;;;;;
MONTENEGRO SEMIRREMOLQUE BARANDA VOLCABLE 1+2 EJES;;;;;;;;;;;;;;;;;;;;1;;;;;;;;;;;;;;;;;;;;;;;;;;;;;
MONTENEGRO SEMIRREMOLQUE JAULA GANADERA 3 EJES;;;;;;;;;;;;;;;1;;;;;;;;;;;;;;;;;;;;;;;;;;;;;;;;;;
MONTESUR AP3;;;;;;;;;;;;1;;;;;;;;;;;;;;;;;;;;;;;;;;;;;;;;;;;;;
MONTESUR SCS3;;;;;;;;;;;;;;;;;;;;;;;;;;;;;;;;;;;;;;;;;;;;;;1;;;
NIÑO JESUS DE PRAGA ACOPLADO/SEMIRREMOLQUE;;;;;;;1;;;;;;;;;;;;;;;;;;;;;;;;;;;;;;;;;;;;;;;;;;
NIÑO JESUS DE PRAGA SA1E;;;;;;;;;;;;;;;;;;;;;;;;;;;;;;;;;;;1;;;;;;;;;;;;;;
NIÑO JESUS DE PRAGA SA3E;;;;;;;;;;;;;;;;;;;;;;;;;;;;;;;;;;;;;;;;;;1;;;;;;;
NIÑO JESUS DE PRAGA SCD2ETCD;1;;;;;;;;;;;;;;;;;;;;;;;;;;;;;;;;;;;;;;;;;;;;;;;;
NIÑO JESUS DE PRAGA SCD3LECD CARRETON;;;;;;;;;;;;;;;;;;;;;;;;;;;;;;;;;;1;;;;;;;;;;;;;;;
NIÑO JESUS DE PRAGA SCP2LEF CARRETON;;;;;;;;;;;;;;;;;;;;;1;;;;;;;;;;;;;;;;;;;;;;;;;;;;
NIÑO JESUS DE PRAGA SCP3ETCD CARRETON;;;;;;;;;;;;;;;;;;;;;1;;;;;;;;;;;;;;;;;;;;;;;;;;;;
NIÑO JESUS DE PRAGA SCP3LED CARRETON;;;;;;;;;;;;;;;;;;;;;;;;;;;;;;;;;;;;1;;;;;;;;;;;;;
NIÑO JESUS DE PRAGA SRD1E;;;;;;;;;;;;;;;;;;;;;;;;;;;;;;;;;1;;;;;;;;;;;;;;;;
NIÑO JESUS DE PRAGA SRD1E;;;;;;;;;;;;;;;;;;;;;;;;;;;;;;;;;;;;;;;;;;;;;1;;;;
NIÑO JESUS DE PRAGA SRD2E;;;;;;;;;;;;;;;;;;;;;;;;;;;;;1;;;;;;;;;;;;;;;;;;;;
NIÑO JESUS DE PRAGA SRP1E;;;;1;;;;;;;;;;;;;;;;;;;;;;;;;;;;;;;;;;;;;;;;;;;;;
NIÑO JESUS DE PRAGA SRP3EB;;;;;;;;;1;;;;;;;;;;;;;;;;;;;;;;;;;;;;;;;;;;;;;;;;
OMBU ABV4E960;;;1;;;;;;;;;;;;;;;;;;;;;;;;;;;;;;;;;;;;;;;;;;;;;;
OMBU SBIDBV3E;;;;;;;;;1;;;;;;;;;;;;;;;;;;;;;;;;;;;;;;;;;;;;;;;;
OMBU SBITVB3E;;;;;;;;;1;;;;;;;;;;;;;;;;;;;;;;;;;;;;;;;;;;;;;;;;
OMBU SCS3E2+11450;;;;;;;;;;;;;;;;;;;;;;;;;;;;;;;;;;;;;;;;;;;;1;;;;;
PATRONELLI ACCG3E.;;;;;;;;;;;;1;;;;;;;;;;;;;;;;;;;;;;;;;;;;;;;;;;;;;
PATRONELLI VOLCADOR 3 EJES - SEMV3E;;;;;;;;;;;;;;;;;;;;;;;;;;;;;1;;;;;;;;;;;;;;;;;;;;
PETINARI SEMIRREMOLQUE BATEA (2+1);;;;;;;;;;;;;;1;;;;;;;;;;;;;;;;;;;;;;;;;;;;;;;;;;;
PEUGEOT E-2008;;;;;;;;;;;;;;;;;;;;;;;;;;;;;;;;;;;;;;;;;;;;;;;;1;
PINCEN RPBV 1+1+1E;;;;;;;;;;;;;;;;;;;;;;;;;;;;;;;;;;;;;;;;;;;1;;;;;;
PINCEN RPBV 2+1E;;;;;;;;1;;;;;;;;;;;;;;;;;;;;;;;;;;;;;;;;;;;;;;;;;
PINCEN SCS 3E;;;;;;;;1;;;;;;;;;;;;;;;;;;;;;;;;;;;;;;;;;;;;;;;;;
PINCEN SFTLA 3E;;;;;;;;;;;;;;;;;;;;;;;;;;;;;;;1;;;;;;;;;;;;;;;;;;
PORSCHE GT4;;;;1;;;;;;;;;;;;;;;;;;;;;;;;;;;;;;;;;;;;;;;;;;;;;
PORSCHE MACAN;;;;;;;1;;;;;;;;;;;;;;;;;;;;;;;;;;;;;;;;;;;;;;;;;;
RAM 2500;;;;;;;;;;;;;;;;;;;;;;;;;;;;;;;;;;;;;;1;;;;;;;;;;;
RANDON SR CT 03;;;;;;;;;;;;;;;;;;;;;;;;;;;;;;;;;;;;;;;;;;;;;1;;;;
RANDON SR.BA.1+1+1;;;;;;;;;;;;;1;;;;;;;;;;;;;;;;;;;;;;;;;;;;;;;;;;;;
RANDON SR.FR.03 (FURGON FRIGORIFICO);;;;;;;;;;;;;;;;;;1;;;;;;;;;;;;;;;;;;;;;;;;;;;;;;;
RANDON SR.SL.03;;;;;;;;;;;;;;;;;;;;1;;;;;;;;;;;;;;;;;;;;;;;;;;;;;
RUBIOLO A1O2;;;;;;;;1;;;;;;;;;;;;;;;;;;;;;;;;;;;;;;;;;;;;;;;;;
RUBIOLO BATAN CISTERNA (CI1001);;;;;;;;;;;;;;;;;;;;;;;;;;;1;;;;;;;;;;;;;;;;;;;;;;
RUBIOLO TR1001;;;;;;;;;;;;;;;;;;;;;;;;;;;;;;;;;;;;;;;;;;;;1;;;;;
SALTO SRBVET3E;;;;;;;;;;;;;;;;;;;;;;;;;1;;;;;;;;;;;;;;;;;;;;;;;;
SALTO SRCH3E;;;;;;;;;;;;;;;1;;;;;;;;;;;;;;;;;;;;;;;;;;;;;;;;;;
SALTO SRCH3E;;;;;1;;;;;;;;;;;;;;;;;;;;;;;;;;;;;;;;;;;;;;;;;;;;
SALTO SRFA3E;;1;;;;;;;;;;;;;;;;;;;;;;;;;;;;;;;;;;;;;;;;;;;;;;;
SALTO SRP3E;;;;;;;;;;;;;;;;;;;;;;;;;;;;;;;;;;;;;;;;;;;;;1;;;;
SANY STC 900T5;;;;;;;;;;;1;;;;;;;;;;;;;;;;;;;;;;;;;;;;;;;;;;;;;;
SANY STC400T5;;;;;;;;;;;;;;;;;;;;;;;;;;;;;;;;;;;;;;;1;;;;;;;;;;
SANY STC800;;;;;;;;;;;;;1;;;;;;;;;;;;;;;;;;;;;;;;;;;;;;;;;;;;
SCANIA K320;;;;;;;;;;;;1;;;;;;;;;;;;;;;;;;;;;;;;;;;;;;;;;;;;;
SCANIA P440;;;;1;;;;;;;;;;;;;;;;;;;;;;;;;;;;;;;;;;;;;;;;;;;;;
SCANIA R420;;;;;;;;;;;;;;;;;;;;;;;;;;;;;;;;;;;;;;;;;1;;;;;;;;
SCANIA R550;;;;;;;;;;;;;;;;;;;;;;;;;;;;;;;;;;;;;;;;1;;;;;;;;;
SCANIA/MARCOPOLO K310;;;;1;;;;;;;;;;;;;;;;;;;;;;;;;;;;;;;;;;;;;;;;;;;;;
SHINERAY X30;;;;;;;1;;;;;;;;;;;;;;;;;;;;;;;;;;;;;;;;;;;;;;;;;;
SIN MARCA CG8A9A0720C;;;;;;;;;;;;;;;;;;;;;;;;;;;;;;1;;;;;;;;;;;;;;;;;;;
SIN MARCA FURGON HABITACIONAL;;;;;;;;;;;;;;;;;;;;;;;;;;;;;;;;;;;;;;;;;1;;;;;;;;
SIN MARCA JSAPL2ET3500;;;;;;;;;;;;;;;;;;;;;;;;;;;;;;;;;;;;;;;;;;;;;1;;;;
SIN MARCA OFF ROAD 2 EJES;;;;;;;;;;;;;;;;;;;;;;;;;;;;;;;;;;;;;;;1;;;;;;;;;;
SIN MARCA SHIP BOX 2 EJES;;;;;;;;;;;;;;;;;;;;;;;;;;;;;;;;;;;;;;;1;;;;;;;;;;
SIN MARCA SHIP FURGON 2 EJES;;;;;;;;;;;;;;;;;;;;;;;;;;;;;;;;;1;;;;;;;;;;;;;;;;
SORAZABAL SEMIRREMOLQUE JAULA DE DOS EJES SIMPLE;;;;;;;;;;;;;;;;;;;;;;;;;;;;;;;;;;;;;;1;;;;;;;;;;;
SUBARU FORESTER;;;;;;;;;;;;;;;;;;;;;;;;;;;;;;;;;;;;;;;;;;;1;;;;;;
TAHNOS CHBL 4E CTP;;;;;;;;;;;;;;1;;;;;;;;;;;;;;;;;;;;;;;;;;;;;;;;;;;
TRAIMAX TI 850;;;;;;;;;;;;;;;;;;;;;;;;;;;;;;;;;;;1;;;;;;;;;;;;;;
VOLKSWAGEN METEOR 29.520;;;;;;;;;;;;;;;;;;;;;;;;;;;;;;;;;;;;;;1;;;;;;;;;;;
VOLVO C40;;;;;;;;;;;;;;;;;;;;;;;;;;;;;;;;;;;;;;;;;;;1;;;;;;
VOLVO FM 460;;;;;;;;;;;;;;;;;;;;;;;;;;;;;;;;;;;;;;;;;;;;;;1;;;
VOLVO VM 270;;;;;;;;;1;;;;;;;;;;;;;;;;;;;;;;;;;;;;;;;;;;;;;;;;
VULCANO BITREN T - CSST;;;;;;;;;;;;;1;;;;;;;;;;;;;;;;;;;;;;;;;;;;;;;;;;;;
VULCANO CVP4;;;;;;;;;;;;;;;;;;;;;;;1;;;;;;;;;;;;;;;;;;;;;;;;;;
VULCANO CVP5;;;;;;;;;;;;;;;;;;;;;;;;;;;;;;;;;;;;;;;;;;;1;;;;;;
XCMG XCT60 M;;;;;;;;;;;;;;;;;1;;;;;;;;;;;;;;;;;;;;;;;;;;;;;;;;
ZOOMLION ZMC85;;;;;;;;;;;;;;;;;;;;1;;;;;;;;;;;;;;;;;;;;;;;;;;;;;
